Solver_Var,Solver_Value,Year,ID,Num_Vehicles,Type,Fuel,Distance_bucket,Distance_per_vehicle(km)
"P[0,0,1]",72.0,0,0,0,0,0,0,0
"P[0,0,4]",1.0,0,0,0,0,0,0,0
"P[0,1,1]",30.0,0,0,0,0,0,0,0
"P[0,1,4]",4.0,0,0,0,0,0,0,0
"P[0,2,1]",80.0,0,0,0,0,0,0,0
"P[0,2,4]",1.0,0,0,0,0,0,0,0
"P[0,3,1]",7.0,0,0,0,0,0,0,0
"P[0,3,4]",4.0,0,0,0,0,0,0,0
"P[1,0,1]",13.0,0,0,0,0,0,0,0
"P[1,1,1]",5.0,0,0,0,0,0,0,0
"P[1,2,1]",22.0,0,0,0,0,0,0,0
"P[1,3,1]",2.0,0,0,0,0,0,0,0
"P[2,0,1]",6.0,0,0,0,0,0,0,0
"P[2,1,1]",1.0,0,0,0,0,0,0,0
"P[2,2,1]",31.0,0,0,0,0,0,0,0
"P[2,3,1]",7.0,0,0,0,0,0,0,0
"P[3,0,1]",1.0,0,0,0,0,0,0,0
"P[3,1,1]",16.0,0,0,0,0,0,0,0
"P[3,2,1]",27.0,0,0,0,0,0,0,0
"P[3,3,4]",1.0,0,0,0,0,0,0,0
"P[4,0,2]",4.0,0,0,0,0,0,0,0
"P[4,1,1]",5.0,0,0,0,0,0,0,0
"P[4,1,2]",10.0,0,0,0,0,0,0,0
"P[4,2,1]",28.0,0,0,0,0,0,0,0
"P[4,3,2]",2.0,0,0,0,0,0,0,0
"P[4,3,4]",1.0,0,0,0,0,0,0,0
"P[5,0,1]",7.0,0,0,0,0,0,0,0
"P[5,0,2]",24.0,0,0,0,0,0,0,0
"P[5,1,1]",6.0,0,0,0,0,0,0,0
"P[5,2,2]",6.0,0,0,0,0,0,0,0
"P[5,3,2]",6.0,0,0,0,0,0,0,0
"P[6,0,1]",13.0,0,0,0,0,0,0,0
"P[6,1,2]",2.0,0,0,0,0,0,0,0
"P[6,2,1]",35.0,0,0,0,0,0,0,0
"P[6,3,2]",2.0,0,0,0,0,0,0,0
"P[7,0,2]",6.0,0,0,0,0,0,0,0
"P[7,0,3]",1.0,0,0,0,0,0,0,0
"P[7,1,2]",17.0,0,0,0,0,0,0,0
"P[7,2,1]",28.0,0,0,0,0,0,0,0
"P[7,3,1]",1.0,0,0,0,0,0,0,0
"P[7,3,4]",1.0,0,0,0,0,0,0,0
"P[8,0,2]",6.0,0,0,0,0,0,0,0
"P[8,1,2]",16.0,0,0,0,0,0,0,0
"P[8,2,1]",9.0,0,0,0,0,0,0,0
"P[8,2,2]",21.0,0,0,0,0,0,0,0
"P[8,3,1]",3.0,0,0,0,0,0,0,0
"P[8,3,3]",1.0,0,0,0,0,0,0,0
"P[9,0,2]",34.0,0,0,0,0,0,0,0
"P[9,1,2]",6.0,0,0,0,0,0,0,0
"P[9,2,2]",8.0,0,0,0,0,0,0,0
"P[9,3,1]",7.0,0,0,0,0,0,0,0
"P[10,0,2]",33.0,0,0,0,0,0,0,0
"P[10,1,2]",2.0,0,0,0,0,0,0,0
"P[10,2,1]",16.0,0,0,0,0,0,0,0
"P[10,3,1]",1.0,0,0,0,0,0,0,0
"P[11,0,2]",19.0,0,0,0,0,0,0,0
"P[11,1,2]",2.0,0,0,0,0,0,0,0
"P[11,2,1]",24.0,0,0,0,0,0,0,0
"P[11,3,1]",8.0,0,0,0,0,0,0,0
"P[11,3,4]",1.0,0,0,0,0,0,0,0
"P[12,0,2]",1.0,0,0,0,0,0,0,0
"P[12,1,2]",1.0,0,0,0,0,0,0,0
"P[12,2,1]",33.0,0,0,0,0,0,0,0
"P[12,2,3]",9.0,0,0,0,0,0,0,0
"P[12,3,1]",6.0,0,0,0,0,0,0,0
"P[12,3,2]",5.0,0,0,0,0,0,0,0
"P[12,3,3]",1.0,0,0,0,0,0,0,0
"P[13,0,2]",4.0,0,0,0,0,0,0,0
"P[13,1,2]",2.0,0,0,0,0,0,0,0
"P[13,2,1]",26.0,0,0,0,0,0,0,0
"P[13,2,2]",9.0,0,0,0,0,0,0,0
"P[13,3,1]",1.0,0,0,0,0,0,0,0
"P[13,3,2]",10.0,0,0,0,0,0,0,0
"P[13,3,4]",1.0,0,0,0,0,0,0,0
"P[14,0,2]",2.0,0,0,0,0,0,0,0
"P[14,1,2]",2.0,0,0,0,0,0,0,0
"P[14,1,4]",1.0,0,0,0,0,0,0,0
"P[14,2,1]",13.0,0,0,0,0,0,0,0
"P[14,2,2]",25.0,0,0,0,0,0,0,0
"P[14,3,2]",11.0,0,0,0,0,0,0,0
"P[14,3,4]",1.0,0,0,0,0,0,0,0
"P[15,0,3]",4.0,0,0,0,0,0,0,0
"P[15,1,1]",1.0,0,0,0,0,0,0,0
"P[15,1,2]",1.0,0,0,0,0,0,0,0
"P[15,1,3]",3.0,0,0,0,0,0,0,0
"P[15,2,2]",42.0,0,0,0,0,0,0,0
"P[15,3,2]",11.0,0,0,0,0,0,0,0
"P[15,3,3]",1.0,0,0,0,0,0,0,0
"S[0,0,0,1]",12.0,0,0,0,0,0,0,0
"S[0,0,1,1]",3.0,0,0,0,0,0,0,0
"S[0,0,1,4]",2.0,0,0,0,0,0,0,0
"S[0,0,2,1]",20.0,0,0,0,0,0,0,0
"S[0,0,3,1]",2.0,0,0,0,0,0,0,0
"S[1,0,0,1]",2.0,0,0,0,0,0,0,0
"S[1,0,0,4]",1.0,0,0,0,0,0,0,0
"S[1,0,2,1]",30.0,0,0,0,0,0,0,0
"S[1,0,3,1]",5.0,0,0,0,0,0,0,0
"S[1,0,3,4]",1.0,0,0,0,0,0,0,0
"S[1,1,3,1]",1.0,0,0,0,0,0,0,0
"S[2,0,1,1]",15.0,0,0,0,0,0,0,0
"S[2,0,1,4]",1.0,0,0,0,0,0,0,0
"S[2,0,2,1]",24.0,0,0,0,0,0,0,0
"S[2,0,3,4]",1.0,0,0,0,0,0,0,0
"S[3,0,1,1]",12.0,0,0,0,0,0,0,0
"S[3,0,1,4]",1.0,0,0,0,0,0,0,0
"S[3,0,2,1]",6.0,0,0,0,0,0,0,0
"S[3,0,3,4]",2.0,0,0,0,0,0,0,0
"S[3,1,1,1]",1.0,0,0,0,0,0,0,0
"S[3,1,2,1]",20.0,0,0,0,0,0,0,0
"S[4,0,0,1]",28.0,0,0,0,0,0,0,0
"S[4,0,2,4]",1.0,0,0,0,0,0,0,0
"S[4,1,1,1]",4.0,0,0,0,0,0,0,0
"S[4,1,2,1]",2.0,0,0,0,0,0,0,0
"S[4,1,3,1]",1.0,0,0,0,0,0,0,0
"S[4,2,1,1]",1.0,0,0,0,0,0,0,0
"S[4,2,2,1]",1.0,0,0,0,0,0,0,0
"S[4,2,3,1]",5.0,0,0,0,0,0,0,0
"S[5,0,0,1]",3.0,0,0,0,0,0,0,0
"S[5,1,0,1]",9.0,0,0,0,0,0,0,0
"S[5,2,2,1]",30.0,0,0,0,0,0,0,0
"S[5,2,3,1]",2.0,0,0,0,0,0,0,0
"S[5,3,2,1]",1.0,0,0,0,0,0,0,0
"S[6,3,1,1]",16.0,0,0,0,0,0,0,0
"S[6,3,2,1]",26.0,0,0,0,0,0,0,0
"S[6,4,2,1]",2.0,0,0,0,0,0,0,0
"S[6,4,3,2]",2.0,0,0,0,0,0,0,0
"S[7,3,3,4]",1.0,0,0,0,0,0,0,0
"S[7,4,1,1]",5.0,0,0,0,0,0,0,0
"S[7,4,1,2]",10.0,0,0,0,0,0,0,0
"S[7,4,2,1]",26.0,0,0,0,0,0,0,0
"S[7,5,2,2]",3.0,0,0,0,0,0,0,0
"S[7,5,3,2]",3.0,0,0,0,0,0,0,0
"S[8,0,0,1]",27.0,0,0,0,0,0,0,0
"S[8,3,0,1]",1.0,0,0,0,0,0,0,0
"S[8,4,0,2]",4.0,0,0,0,0,0,0,0
"S[8,4,3,4]",1.0,0,0,0,0,0,0,0
"S[8,5,1,1]",6.0,0,0,0,0,0,0,0
"S[8,5,2,2]",3.0,0,0,0,0,0,0,0
"S[8,5,3,2]",3.0,0,0,0,0,0,0,0
"S[8,6,2,1]",1.0,0,0,0,0,0,0,0
"S[8,6,3,2]",2.0,0,0,0,0,0,0,0
"S[8,7,0,3]",1.0,0,0,0,0,0,0,0
"S[9,1,0,1]",4.0,0,0,0,0,0,0,0
"S[9,5,0,1]",6.0,0,0,0,0,0,0,0
"S[9,5,0,2]",24.0,0,0,0,0,0,0,0
"S[9,6,1,2]",1.0,0,0,0,0,0,0,0
"S[9,6,2,1]",14.0,0,0,0,0,0,0,0
"S[9,7,3,1]",1.0,0,0,0,0,0,0,0
"S[10,2,0,1]",6.0,0,0,0,0,0,0,0
"S[10,5,0,1]",1.0,0,0,0,0,0,0,0
"S[10,6,0,1]",13.0,0,0,0,0,0,0,0
"S[10,6,1,2]",1.0,0,0,0,0,0,0,0
"S[10,6,2,1]",20.0,0,0,0,0,0,0,0
"S[10,8,2,1]",1.0,0,0,0,0,0,0,0
"S[10,8,3,1]",3.0,0,0,0,0,0,0,0
"S[10,9,3,1]",6.0,0,0,0,0,0,0,0
"S[11,7,0,2]",1.0,0,0,0,0,0,0,0
"S[11,9,3,1]",1.0,0,0,0,0,0,0,0
"S[11,10,2,1]",16.0,0,0,0,0,0,0,0
"S[11,10,3,1]",1.0,0,0,0,0,0,0,0
"S[11,11,2,1]",23.0,0,0,0,0,0,0,0
"S[11,11,3,1]",8.0,0,0,0,0,0,0,0
"S[11,11,3,4]",1.0,0,0,0,0,0,0,0
"S[12,11,2,1]",1.0,0,0,0,0,0,0,0
"S[12,12,2,1]",33.0,0,0,0,0,0,0,0
"S[12,12,3,1]",6.0,0,0,0,0,0,0,0
"S[12,12,3,2]",5.0,0,0,0,0,0,0,0
"S[12,12,3,3]",1.0,0,0,0,0,0,0,0
"S[13,13,1,2]",2.0,0,0,0,0,0,0,0
"S[13,13,2,1]",26.0,0,0,0,0,0,0,0
"S[13,13,2,2]",9.0,0,0,0,0,0,0,0
"S[13,13,3,1]",1.0,0,0,0,0,0,0,0
"S[13,13,3,2]",10.0,0,0,0,0,0,0,0
"S[13,13,3,4]",1.0,0,0,0,0,0,0,0
"S[14,14,1,2]",2.0,0,0,0,0,0,0,0
"S[14,14,1,4]",1.0,0,0,0,0,0,0,0
"S[14,14,2,1]",13.0,0,0,0,0,0,0,0
"S[14,14,2,2]",25.0,0,0,0,0,0,0,0
"S[14,14,3,2]",11.0,0,0,0,0,0,0,0
"S[14,14,3,4]",1.0,0,0,0,0,0,0,0
"S[15,15,1,1]",1.0,0,0,0,0,0,0,0
"S[15,15,1,2]",1.0,0,0,0,0,0,0,0
"S[15,15,1,3]",1.0,0,0,0,0,0,0,0
"S[15,15,2,2]",42.0,0,0,0,0,0,0,0
"S[15,15,3,2]",11.0,0,0,0,0,0,0,0
"S[15,15,3,3]",1.0,0,0,0,0,0,0,0
"U[0,0,0,1,0]",8.521392156863724,0,0,0,0,0,0,0
"U[0,0,0,1,1]",25.46171568627549,0,0,0,0,0,0,0
"U[0,0,0,1,2]",32.27462745098137,0,0,0,0,0,0,0
"U[0,0,0,1,3]",4.0,0,0,0,0,0,0,0
"U[0,0,0,4,3]",0.06192156862842457,0,0,0,0,0,0,0
"U[0,0,1,1,0]",9.0,0,0,0,0,0,0,0
"U[0,0,1,1,1]",13.0,0,0,0,0,0,0,0
"U[0,0,1,1,2]",7.000000097794489,0,0,0,0,0,0,0
"U[0,0,1,1,3]",1.0,0,0,0,0,0,0,0
"U[0,0,1,4,0]",0.3933490566047115,0,0,0,0,0,0,0
"U[0,0,1,4,1]",0.04902830188769522,0,0,0,0,0,0,0
"U[0,0,1,4,2]",0.3397074493762657,0,0,0,0,0,0,0
"U[0,0,1,4,3]",0.2611132075481128,0,0,0,0,0,0,0
"U[0,0,2,1,0]",29.910630136987674,0,0,0,0,0,0,0
"U[0,0,2,1,1]",33.0,0,0,0,0,0,0,0
"U[0,0,2,1,2]",13.732424657535617,0,0,0,0,0,0,0
"U[0,0,2,1,3]",2.814068493152055,0,0,0,0,0,0,0
"U[0,0,2,4,1]",0.313726027398619,0,0,0,0,0,0,0
"U[0,0,3,1,1]",5.999999999999999,0,0,0,0,0,0,0
"U[0,0,3,1,2]",1.0,0,0,0,0,0,0,0
"U[0,0,3,4,0]",0.12353389830593221,0,0,0,0,0,0,0
"U[0,0,3,4,1]",0.3959152542381361,0,0,0,0,0,0,0
"U[0,0,3,4,2]",0.007627118644915054,0,0,0,0,0,0,0
"U[0,0,3,4,3]",0.015338983051694916,0,0,0,0,0,0,0
"U[1,0,0,1,1]",26.62937254902059,0,0,0,0,0,0,0
"U[1,0,0,1,2]",32.711813725491176,0,0,0,0,0,0,0
"U[1,0,0,4,3]",0.11747058823627338,0,0,0,0,0,0,0
"U[1,0,1,1,0]",9.841603773585849,0,0,0,0,0,0,0
"U[1,0,1,1,1]",12.0,0,0,0,0,0,0,0
"U[1,0,1,1,2]",4.0,0,0,0,0,0,0,0
"U[1,0,1,1,3]",1.0,0,0,0,0,0,0,0
"U[1,0,1,4,1]",0.13196226415187884,0,0,0,0,0,0,0
"U[1,0,1,4,3]",0.2614433962273578,0,0,0,0,0,0,0
"U[1,0,2,1,0]",26.0,0,0,0,0,0,0,0
"U[1,0,2,1,1]",20.0,0,0,0,0,0,0,0
"U[1,0,2,1,2]",14.0,0,0,0,0,0,0,0
"U[1,0,2,4,2]",0.10104028776521193,0,0,0,0,0,0,0
"U[1,0,3,1,1]",4.0,0,0,0,0,0,0,0
"U[1,0,3,1,2]",1.0,0,0,0,0,0,0,0
"U[1,0,3,4,0]",0.12882203389915253,0,0,0,0,0,0,0
"U[1,0,3,4,1]",0.6184745762720336,0,0,0,0,0,0,0
"U[1,0,3,4,2]",0.0354830508483045,0,0,0,0,0,0,0
"U[1,0,3,4,3]",0.016050847458474578,0,0,0,0,0,0,0
"U[1,1,0,1,0]",8.60042156862843,0,0,0,0,0,0,0
"U[1,1,0,1,3]",4.0,0,0,0,0,0,0,0
"U[1,1,1,1,1]",1.0,0,0,0,0,0,0,0
"U[1,1,1,1,2]",3.6139339622650843,0,0,0,0,0,0,0
"U[1,1,2,1,0]",4.677273972604086,0,0,0,0,0,0,0
"U[1,1,2,1,1]",13.60956164383699,0,0,0,0,0,0,0
"U[1,1,2,1,3]",2.8553561643849314,0,0,0,0,0,0,0
"U[1,1,3,1,1]",2.0,0,0,0,0,0,0,0
"U[2,0,0,1,0]",4.0,0,0,0,0,0,0,0
"U[2,0,0,1,1]",27.806117647059803,0,0,0,0,0,0,0
"U[2,0,0,1,2]",26.0,0,0,0,0,0,0,0
"U[2,0,1,1,0]",4.999999999999998,0,0,0,0,0,0,0
"U[2,0,1,1,1]",13.3074056603783,0,0,0,0,0,0,0
"U[2,0,1,1,2]",6.751688679246224,0,0,0,0,0,0,0
"U[2,0,1,1,3]",0.9999999999999998,0,0,0,0,0,0,0
"U[2,0,1,4,0]",0.20816981132169765,0,0,0,0,0,0,0
"U[2,0,1,4,3]",0.29464150943490586,0,0,0,0,0,0,0
"U[2,0,2,1,0]",17.0,0,0,0,0,0,0,0
"U[2,0,2,1,1]",13.0,0,0,0,0,0,0,0
"U[2,0,2,4,1]",0.2633972602737682,0,0,0,0,0,0,0
"U[2,0,3,4,0]",0.13233898305169492,0,0,0,0,0,0,0
"U[2,0,3,4,2]",0.044516949153389836,0,0,0,0,0,0,0
"U[2,0,3,4,3]",0.016338983051694914,0,0,0,0,0,0,0
"U[2,1,0,1,2]",7.785431372549928,0,0,0,0,0,0,0
"U[2,1,0,1,3]",4.311450980393137,0,0,0,0,0,0,0
"U[2,1,1,1,0]",5.0,0,0,0,0,0,0,0
"U[2,1,2,1,1]",21.0,0,0,0,0,0,0,0
"U[2,1,2,1,2]",1.0,0,0,0,0,0,0,0
"U[2,1,3,1,2]",1.0,0,0,0,0,0,0,0
"U[2,2,0,1,0]",4.604980392157834,0,0,0,0,0,0,0
"U[2,2,1,1,2]",1.0,0,0,0,0,0,0,0
"U[2,2,2,1,0]",13.892287671234245,0,0,0,0,0,0,0
"U[2,2,2,1,2]",13.433739726028762,0,0,0,0,0,0,0
"U[2,2,2,1,3]",2.993671232878082,0,0,0,0,0,0,0
"U[2,2,3,1,1]",6.704067796611017,0,0,0,0,0,0,0
"U[3,0,0,1,1]",22.52108823529509,0,0,0,0,0,0,0
"U[3,0,0,1,2]",34.6767745098049,0,0,0,0,0,0,0
"U[3,0,1,1,1]",4.704566037736772,0,0,0,0,0,0,0
"U[3,0,1,1,2]",5.791886792453774,0,0,0,0,0,0,0
"U[3,0,1,1,3]",0.3314056603783016,0,0,0,0,0,0,0
"U[3,0,1,4,0]",0.28966037735942973,0,0,0,0,0,0,0
"U[3,0,2,1,0]",2.0,0,0,0,0,0,0,0
"U[3,0,2,1,1]",3.587589041097249,0,0,0,0,0,0,0
"U[3,0,2,4,3]",0.0024931506863005827,0,0,0,0,0,0,0
"U[3,0,3,4,0]",0.13488983050932205,0,0,0,0,0,0,0
"U[3,0,3,4,3]",0.016864406780508476,0,0,0,0,0,0,0
"U[3,1,0,1,0]",7.0,0,0,0,0,0,0,0
"U[3,1,0,1,1]",6.0,0,0,0,0,0,0,0
"U[3,1,1,1,0]",5.0,0,0,0,0,0,0,0
"U[3,1,2,1,0]",2.9147123287684793,0,0,0,0,0,0,0
"U[3,1,2,1,2]",15.122301369864381,0,0,0,0,0,0,0
"U[3,1,2,1,3]",3.0,0,0,0,0,0,0,0
"U[3,1,3,1,2]",1.0,0,0,0,0,0,0,0
"U[3,2,0,1,0]",1.6676078431382295,0,0,0,0,0,0,0
"U[3,2,0,1,3]",3.3772450980401962,0,0,0,0,0,0,0
"U[3,2,1,1,0]",1.0,0,0,0,0,0,0,0
"U[3,2,2,1,1]",31.0,0,0,0,0,0,0,0
"U[3,2,3,1,1]",6.7324661016957625,0,0,0,0,0,0,0
"U[3,3,0,1,3]",1.0,0,0,0,0,0,0,0
"U[3,3,1,1,0]",4.0,0,0,0,0,0,0,0
"U[3,3,1,1,1]",9.0,0,0,0,0,0,0,0
"U[3,3,1,1,2]",2.0,0,0,0,0,0,0,0
"U[3,3,1,1,3]",1.0,0,0,0,0,0,0,0
"U[3,3,2,1,0]",27.0,0,0,0,0,0,0,0
"U[3,3,3,4,2]",0.07386440678050787,0,0,0,0,0,0,0
"U[4,0,0,1,0]",9.0,0,0,0,0,0,0,0
"U[4,0,0,1,1]",23.638764705883325,0,0,0,0,0,0,0
"U[4,0,0,1,2]",21.0,0,0,0,0,0,0,0
"U[4,0,0,1,3]",4.0,0,0,0,0,0,0,0
"U[4,0,2,4,3]",0.08134246575479373,0,0,0,0,0,0,0
"U[4,1,0,1,2]",13.0,0,0,0,0,0,0,0
"U[4,1,1,1,2]",3.0,0,0,0,0,0,0,0
"U[4,1,1,1,3]",1.0,0,0,0,0,0,0,0
"U[4,1,2,1,1]",2.0,0,0,0,0,0,0,0
"U[4,1,3,1,2]",1.0,0,0,0,0,0,0,0
"U[4,2,0,1,1]",6.0,0,0,0,0,0,0,0
"U[4,2,1,1,0]",1.0,0,0,0,0,0,0,0
"U[4,2,2,1,0]",4.6215068493164315,0,0,0,0,0,0,0
"U[4,2,2,1,1]",21.500917808220546,0,0,0,0,0,0,0
"U[4,2,2,1,2]",0.5821232876726011,0,0,0,0,0,0,0
"U[4,2,2,1,3]",3.0,0,0,0,0,0,0,0
"U[4,2,3,1,1]",7.0,0,0,0,0,0,0,0
"U[4,3,0,1,2]",1.0,0,0,0,0,0,0,0
"U[4,3,1,1,0]",8.0,0,0,0,0,0,0,0
"U[4,3,1,1,1]",6.999999999999998,0,0,0,0,0,0,0
"U[4,3,1,1,2]",1.0,0,0,0,0,0,0,0
"U[4,3,2,1,1]",12.0,0,0,0,0,0,0,0
"U[4,3,2,1,2]",15.0,0,0,0,0,0,0,0
"U[4,3,3,4,1]",0.02837288135677296,0,0,0,0,0,0,0
"U[4,4,0,2,0]",0.04906862745196079,0,0,0,0,0,0,0
"U[4,4,0,2,2]",0.11452941176560394,0,0,0,0,0,0,0
"U[4,4,0,2,3]",0.5801470588239117,0,0,0,0,0,0,0
"U[4,4,1,1,1]",1.0,0,0,0,0,0,0,0
"U[4,4,1,1,2]",4.0,0,0,0,0,0,0,0
"U[4,4,1,2,0]",1.5184716981141377,0,0,0,0,0,0,0
"U[4,4,1,2,1]",5.963000000000945,0,0,0,0,0,0,0
"U[4,4,1,2,2]",0.14011320754810772,0,0,0,0,0,0,0
"U[4,4,1,2,3]",0.38159433962358236,0,0,0,0,0,0,0
"U[4,4,2,1,0]",28.0,0,0,0,0,0,0,0
"U[4,4,3,2,0]",0.1401101694923729,0,0,0,0,0,0,0
"U[4,4,3,2,2]",0.09971186440762692,0,0,0,0,0,0,0
"U[4,4,3,4,3]",0.01711864406864407,0,0,0,0,0,0,0
"U[5,0,0,1,0]",8.0,0,0,0,0,0,0,0
"U[5,0,0,1,1]",22.0,0,0,0,0,0,0,0
"U[5,1,0,1,0]",1.0,0,0,0,0,0,0,0
"U[5,1,0,1,2]",10.0,0,0,0,0,0,0,0
"U[5,1,0,1,3]",2.0,0,0,0,0,0,0,0
"U[5,2,0,1,1]",1.0,0,0,0,0,0,0,0
"U[5,2,0,1,2]",5.0,0,0,0,0,0,0,0
"U[5,2,2,1,0]",6.0,0,0,0,0,0,0,0
"U[5,2,2,1,1]",7.0,0,0,0,0,0,0,0
"U[5,2,2,1,2]",14.0,0,0,0,0,0,0,0
"U[5,2,2,1,3]",3.0,0,0,0,0,0,0,0
"U[5,2,3,1,1]",2.0,0,0,0,0,0,0,0
"U[5,3,0,1,3]",1.0,0,0,0,0,0,0,0
"U[5,3,1,1,0]",10.0,0,0,0,0,0,0,0
"U[5,3,1,1,1]",5.0,0,0,0,0,0,0,0
"U[5,3,1,1,3]",1.0,0,0,0,0,0,0,0
"U[5,3,2,1,0]",27.0,0,0,0,0,0,0,0
"U[5,3,3,4,2]",0.13500000000084722,0,0,0,0,0,0,0
"U[5,4,0,2,0]",0.49154901960882014,0,0,0,0,0,0,0
"U[5,4,0,2,3]",0.599696078432351,0,0,0,0,0,0,0
"U[5,4,1,1,2]",5.0,0,0,0,0,0,0,0
"U[5,4,1,2,0]",0.7752735849066005,0,0,0,0,0,0,0
"U[5,4,1,2,1]",6.591547169812252,0,0,0,0,0,0,0
"U[5,4,1,2,2]",0.5133584905669772,0,0,0,0,0,0,0
"U[5,4,1,2,3]",0.3965754716990555,0,0,0,0,0,0,0
"U[5,4,2,1,1]",27.0,0,0,0,0,0,0,0
"U[5,4,2,1,2]",1.0,0,0,0,0,0,0,0
"U[5,4,3,2,0]",0.1429152542381356,0,0,0,0,0,0,0
"U[5,4,3,2,1]",0.2199491525432174,0,0,0,0,0,0,0
"U[5,4,3,4,3]",0.01751694915338983,0,0,0,0,0,0,0
"U[5,5,0,1,1]",7.0,0,0,0,0,0,0,0
"U[5,5,0,2,1]",0.5309411764715424,0,0,0,0,0,0,0
"U[5,5,0,2,2]",21.58107843137353,0,0,0,0,0,0,0
"U[5,5,0,2,3]",1.0,0,0,0,0,0,0,0
"U[5,5,1,1,1]",3.0,0,0,0,0,0,0,0
"U[5,5,1,1,2]",3.0,0,0,0,0,0,0,0
"U[5,5,2,2,0]",0.540726027398603,0,0,0,0,0,0,0
"U[5,5,2,2,1]",2.546917808220527,0,0,0,0,0,0,0
"U[5,5,2,2,2]",0.8264383561657485,0,0,0,0,0,0,0
"U[5,5,2,2,3]",0.19812328767259996,0,0,0,0,0,0,0
"U[5,5,3,2,1]",5.0,0,0,0,0,0,0,0
"U[5,5,3,2,2]",1.0,0,0,0,0,0,0,0
"U[6,0,0,1,1]",25.258333333334306,0,0,0,0,0,0,0
"U[6,0,0,1,3]",0.7516862745107524,0,0,0,0,0,0,0
"U[6,1,0,1,1]",4.0,0,0,0,0,0,0,0
"U[6,2,0,1,0]",4.898333333334314,0,0,0,0,0,0,0
"U[6,2,0,1,2]",0.1597941176479949,0,0,0,0,0,0,0
"U[6,3,0,1,3]",1.0,0,0,0,0,0,0,0
"U[6,3,1,1,0]",0.4766915356169853,0,0,0,0,0,0,0
"U[6,3,1,1,1]",14.17505660377452,0,0,0,0,0,0,0
"U[6,3,2,1,0]",0.2075890410972302,0,0,0,0,0,0,0
"U[6,3,2,1,1]",15.289164383563012,0,0,0,0,0,0,0
"U[6,3,2,1,2]",4.103136986302732,0,0,0,0,0,0,0
"U[6,3,2,1,3]",3.207616438357534,0,0,0,0,0,0,0
"U[6,3,3,4,0]",0.14868644067881356,0,0,0,0,0,0,0
"U[6,4,0,2,2]",1.0,0,0,0,0,0,0,0
"U[6,4,0,2,3]",3.0,0,0,0,0,0,0,0
"U[6,4,1,1,0]",5.0,0,0,0,0,0,0,0
"U[6,4,1,2,0]",3.59516695494999,0,0,0,0,0,0,0
"U[6,4,1,2,2]",3.647339622642453,0,0,0,0,0,0,0
"U[6,4,1,2,3]",1.3992735849066038,0,0,0,0,0,0,0
"U[6,4,2,1,0]",28.0,0,0,0,0,0,0,0
"U[6,4,3,2,1]",0.5073220338991424,0,0,0,0,0,0,0
"U[6,4,3,2,2]",0.15088135593305024,0,0,0,0,0,0,0
"U[6,4,3,4,3]",0.017915254238135593,0,0,0,0,0,0,0
"U[6,5,0,1,2]",7.0,0,0,0,0,0,0,0
"U[6,5,0,2,2]",24.0,0,0,0,0,0,0,0
"U[6,5,1,1,1]",1.0,0,0,0,0,0,0,0
"U[6,5,1,1,2]",5.0,0,0,0,0,0,0,0
"U[6,5,2,2,0]",6.0,0,0,0,0,0,0,0
"U[6,5,3,2,1]",5.0,0,0,0,0,0,0,0
"U[6,5,3,2,2]",1.0,0,0,0,0,0,0,0
"U[6,6,0,1,0]",5.0,0,0,0,0,0,0,0
"U[6,6,0,1,1]",2.0,0,0,0,0,0,0,0
"U[6,6,0,1,2]",6.0,0,0,0,0,0,0,0
"U[6,6,1,2,0]",2.0,0,0,0,0,0,0,0
"U[6,6,2,1,1]",23.0,0,0,0,0,0,0,0
"U[6,6,2,1,2]",12.0,0,0,0,0,0,0,0
"U[6,6,3,2,1]",2.0,0,0,0,0,0,0,0
"U[7,0,0,1,0]",0.8999901960794118,0,0,0,0,0,0,0
"U[7,0,0,1,1]",2.0,0,0,0,0,0,0,0
"U[7,0,0,1,2]",19.818774509804886,0,0,0,0,0,0,0
"U[7,1,0,1,2]",4.0,0,0,0,0,0,0,0
"U[7,2,0,1,1]",0.21426470588332158,0,0,0,0,0,0,0
"U[7,2,0,1,2]",3.0,0,0,0,0,0,0,0
"U[7,2,0,1,3]",0.86543137255,0,0,0,0,0,0,0
"U[7,3,0,1,3]",1.0,0,0,0,0,0,0,0
"U[7,3,3,4,2]",0.15546610169576214,0,0,0,0,0,0,0
"U[7,4,0,2,0]",4.0,0,0,0,0,0,0,0
"U[7,4,1,1,0]",4.0,0,0,0,0,0,0,0
"U[7,4,1,1,2]",1.0,0,0,0,0,0,0,0
"U[7,4,1,2,0]",0.6159811320764099,0,0,0,0,0,0,0
"U[7,4,1,2,1]",4.323009433963193,0,0,0,0,0,0,0
"U[7,4,1,2,2]",0.78753773585,0,0,0,0,0,0,0
"U[7,4,1,2,3]",1.4676037735858491,0,0,0,0,0,0,0
"U[7,4,2,1,0]",2.4957397260287624,0,0,0,0,0,0,0
"U[7,4,2,1,1]",5.620364780056671,0,0,0,0,0,0,0
"U[7,4,2,1,2]",16.665342465754794,0,0,0,0,0,0,0
"U[7,4,3,4,3]",0.017923728814406778,0,0,0,0,0,0,0
"U[7,5,0,1,2]",7.0,0,0,0,0,0,0,0
"U[7,5,0,2,1]",24.0,0,0,0,0,0,0,0
"U[7,5,1,1,2]",6.0,0,0,0,0,0,0,0
"U[7,5,2,2,1]",1.7426352199446873,0,0,0,0,0,0,0
"U[7,5,2,2,3]",3.2981917808232875,0,0,0,0,0,0,0
"U[7,5,3,2,1]",5.7906016949160986,0,0,0,0,0,0,0
"U[7,6,0,1,1]",5.0,0,0,0,0,0,0,0
"U[7,6,0,1,2]",5.0,0,0,0,0,0,0,0
"U[7,6,0,1,3]",3.0,0,0,0,0,0,0,0
"U[7,6,1,2,0]",2.0,0,0,0,0,0,0,0
"U[7,6,2,1,0]",32.0,0,0,0,0,0,0,0
"U[7,6,2,1,1]",3.0,0,0,0,0,0,0,0
"U[7,6,3,2,1]",1.0,0,0,0,0,0,0,0
"U[7,6,3,2,2]",1.0,0,0,0,0,0,0,0
"U[7,7,0,2,0]",5.0,0,0,0,0,0,0,0
"U[7,7,0,2,1]",1.0,0,0,0,0,0,0,0
"U[7,7,1,2,0]",5.0,0,0,0,0,0,0,0
"U[7,7,1,2,1]",11.0,0,0,0,0,0,0,0
"U[7,7,1,2,2]",1.0,0,0,0,0,0,0,0
"U[7,7,2,1,1]",28.0,0,0,0,0,0,0,0
"U[7,7,3,1,1]",1.0,0,0,0,0,0,0,0
"U[7,7,3,4,0]",0.1539745762720339,0,0,0,0,0,0,0
"U[8,0,0,1,0]",1.0,0,0,0,0,0,0,0
"U[8,0,0,1,1]",18.458029411765686,0,0,0,0,0,0,0
"U[8,1,0,1,0]",4.0,0,0,0,0,0,0,0
"U[8,2,0,1,0]",4.2181568627419095,0,0,0,0,0,0,0
"U[8,2,0,1,2]",0.07525067179874616,0,0,0,0,0,0,0
"U[8,3,0,1,3]",1.0,0,0,0,0,0,0,0
"U[8,4,0,2,2]",2.742886583104171,0,0,0,0,0,0,0
"U[8,4,0,2,3]",0.08482352941274485,0,0,0,0,0,0,0
"U[8,4,3,4,2]",0.18387288135677943,0,0,0,0,0,0,0
"U[8,5,0,1,2]",7.0,0,0,0,0,0,0,0
"U[8,5,0,2,1]",7.0,0,0,0,0,0,0,0
"U[8,5,0,2,2]",13.0,0,0,0,0,0,0,0
"U[8,5,0,2,3]",4.0,0,0,0,0,0,0,0
"U[8,5,1,1,0]",5.0,0,0,0,0,0,0,0
"U[8,5,1,1,3]",0.9999999999999992,0,0,0,0,0,0,0
"U[8,5,2,2,0]",0.8789726027410687,0,0,0,0,0,0,0
"U[8,5,2,2,1]",0.5502054794534281,0,0,0,0,0,0,0
"U[8,5,2,2,3]",0.3262191780835608,0,0,0,0,0,0,0
"U[8,5,3,2,1]",2.9827203389838965,0,0,0,0,0,0,0
"U[8,6,0,1,2]",13.0,0,0,0,0,0,0,0
"U[8,6,1,2,0]",2.0,0,0,0,0,0,0,0
"U[8,6,2,1,0]",6.0,0,0,0,0,0,0,0
"U[8,6,2,1,1]",10.0,0,0,0,0,0,0,0
"U[8,6,2,1,2]",16.0,0,0,0,0,0,0,0
"U[8,6,2,1,3]",3.0,0,0,0,0,0,0,0
"U[8,6,3,2,1]",2.0,0,0,0,0,0,0,0
"U[8,7,0,2,1]",2.0,0,0,0,0,0,0,0
"U[8,7,0,2,2]",4.0,0,0,0,0,0,0,0
"U[8,7,1,2,0]",2.701915094340551,0,0,0,0,0,0,0
"U[8,7,1,2,1]",11.0,0,0,0,0,0,0,0
"U[8,7,1,2,3]",0.5280943396235858,0,0,0,0,0,0,0
"U[8,7,2,1,1]",28.0,0,0,0,0,0,0,0
"U[8,7,3,1,2]",1.0,0,0,0,0,0,0,0
"U[8,7,3,4,0]",0.15888135593305086,0,0,0,0,0,0,0
"U[8,8,0,2,0]",1.0,0,0,0,0,0,0,0
"U[8,8,0,2,1]",5.0,0,0,0,0,0,0,0
"U[8,8,1,2,0]",2.0,0,0,0,0,0,0,0
"U[8,8,1,2,1]",4.935820754711173,0,0,0,0,0,0,0
"U[8,8,1,2,2]",8.900688679246226,0,0,0,0,0,0,0
"U[8,8,2,1,0]",9.0,0,0,0,0,0,0,0
"U[8,8,2,2,0]",20.0,0,0,0,0,0,0,0
"U[8,8,2,2,2]",0.9061506849328751,0,0,0,0,0,0,0
"U[8,8,3,1,1]",3.0,0,0,0,0,0,0,0
"U[8,8,3,3,3]",0.01863559322118644,0,0,0,0,0,0,0
"U[9,1,0,1,1]",4.0,0,0,0,0,0,0,0
"U[9,2,0,1,2]",1.0,0,0,0,0,0,0,0
"U[9,2,0,1,3]",5.0,0,0,0,0,0,0,0
"U[9,5,0,1,1]",4.0,0,0,0,0,0,0,0
"U[9,5,0,1,2]",3.0,0,0,0,0,0,0,0
"U[9,5,0,2,0]",0.4876568627460691,0,0,0,0,0,0,0
"U[9,5,0,2,1]",0.6366176470597864,0,0,0,0,0,0,0
"U[9,5,0,2,2]",13.53948039215783,0,0,0,0,0,0,0
"U[9,5,0,2,3]",0.3227647058833265,0,0,0,0,0,0,0
"U[9,6,0,1,0]",2.0,0,0,0,0,0,0,0
"U[9,6,0,1,1]",11.0,0,0,0,0,0,0,0
"U[9,6,1,2,0]",2.0,0,0,0,0,0,0,0
"U[9,6,2,1,0]",32.0,0,0,0,0,0,0,0
"U[9,6,2,1,1]",1.0,0,0,0,0,0,0,0
"U[9,6,2,1,2]",1.0,0,0,0,0,0,0,0
"U[9,7,0,2,0]",2.0,0,0,0,0,0,0,0
"U[9,7,0,2,1]",4.0,0,0,0,0,0,0,0
"U[9,7,1,2,1]",5.0,0,0,0,0,0,0,0
"U[9,7,1,2,2]",9.249349056604716,0,0,0,0,0,0,0
"U[9,7,1,2,3]",1.5389339622650944,0,0,0,0,0,0,0
"U[9,7,2,1,0]",5.0,0,0,0,0,0,0,0
"U[9,7,2,1,1]",14.0,0,0,0,0,0,0,0
"U[9,7,2,1,2]",6.0,0,0,0,0,0,0,0
"U[9,7,2,1,3]",3.0,0,0,0,0,0,0,0
"U[9,7,3,1,1]",1.0,0,0,0,0,0,0,0
"U[9,7,3,4,0]",0.1635508474584746,0,0,0,0,0,0,0
"U[9,8,0,2,0]",6.0,0,0,0,0,0,0,0
"U[9,8,1,2,0]",4.866896226416037,0,0,0,0,0,0,0
"U[9,8,1,2,1]",10.596377358484503,0,0,0,0,0,0,0
"U[9,8,2,1,1]",5.0,0,0,0,0,0,0,0
"U[9,8,2,1,2]",4.0,0,0,0,0,0,0,0
"U[9,8,2,2,0]",0.0977260273986289,0,0,0,0,0,0,0
"U[9,8,2,2,1]",19.22842465753559,0,0,0,0,0,0,0
"U[9,8,3,1,1]",1.0,0,0,0,0,0,0,0
"U[9,8,3,1,2]",1.1982372881364407,0,0,0,0,0,0,0
"U[9,8,3,3,3]",0.018906779661864406,0,0,0,0,0,0,0
"U[9,9,0,2,1]",10.0,0,0,0,0,0,0,0
"U[9,9,0,2,2]",24.0,0,0,0,0,0,0,0
"U[9,9,1,2,0]",5.0,0,0,0,0,0,0,0
"U[9,9,1,2,1]",1.0,0,0,0,0,0,0,0
"U[9,9,2,2,2]",6.181671232878066,0,0,0,0,0,0,0
"U[9,9,2,2,3]",0.43123287671368526,0,0,0,0,0,0,0
"U[9,9,3,1,1]",6.198830508475422,0,0,0,0,0,0,0
"U[10,2,0,1,0]",1.0,0,0,0,0,0,0,0
"U[10,2,0,1,2]",4.290109287842555,0,0,0,0,0,0,0
"U[10,5,0,1,3]",1.0,0,0,0,0,0,0,0
"U[10,6,0,1,0]",3.0,0,0,0,0,0,0,0
"U[10,6,0,1,2]",10.0,0,0,0,0,0,0,0
"U[10,6,1,2,0]",1.0,0,0,0,0,0,0,0
"U[10,6,2,1,0]",16.0,0,0,0,0,0,0,0
"U[10,6,2,1,2]",3.999999999999997,0,0,0,0,0,0,0
"U[10,7,0,2,0]",6.0,0,0,0,0,0,0,0
"U[10,7,1,2,0]",11.0,0,0,0,0,0,0,0
"U[10,7,1,2,1]",3.0,0,0,0,0,0,0,0
"U[10,7,1,2,2]",2.5024528301896205,0,0,0,0,0,0,0
"U[10,7,2,1,0]",22.0,0,0,0,0,0,0,0
"U[10,7,2,1,1]",2.0,0,0,0,0,0,0,0
"U[10,7,2,1,2]",4.0,0,0,0,0,0,0,0
"U[10,7,3,4,0]",0.16908474576355934,0,0,0,0,0,0,0
"U[10,8,0,2,3]",4.522686274510784,0,0,0,0,0,0,0
"U[10,8,1,2,1]",8.889764150944332,0,0,0,0,0,0,0
"U[10,8,1,2,2]",7.0,0,0,0,0,0,0,0
"U[10,8,2,1,1]",1.0,0,0,0,0,0,0,0
"U[10,8,2,1,2]",8.0,0,0,0,0,0,0,0
"U[10,8,2,2,1]",17.0,0,0,0,0,0,0,0
"U[10,8,2,2,3]",3.5933424657547945,0,0,0,0,0,0,0
"U[10,8,3,1,1]",0.5862288135601655,0,0,0,0,0,0,0
"U[10,8,3,1,2]",1.2395847457635594,0,0,0,0,0,0,0
"U[10,8,3,3,3]",0.018957627119491526,0,0,0,0,0,0,0
"U[10,9,0,2,0]",0.4991764705892048,0,0,0,0,0,0,0
"U[10,9,0,2,1]",29.234186274510773,0,0,0,0,0,0,0
"U[10,9,1,2,0]",0.10402830188773038,0,0,0,0,0,0,0
"U[10,9,1,2,1]",3.0,0,0,0,0,0,0,0
"U[10,9,1,2,3]",1.5862452830198113,0,0,0,0,0,0,0
"U[10,9,2,2,0]",0.6437260273986247,0,0,0,0,0,0,0
"U[10,9,2,2,1]",4.7420684931520185,0,0,0,0,0,0,0
"U[10,9,2,2,2]",1.3991780821931514,0,0,0,0,0,0,0
"U[10,9,3,1,1]",7.0,0,0,0,0,0,0,0
"U[10,10,0,2,1]",5.0,0,0,0,0,0,0,0
"U[10,10,0,2,2]",27.769537770981945,0,0,0,0,0,0,0
"U[10,10,1,2,1]",2.0,0,0,0,0,0,0,0
"U[10,10,2,1,1]",16.0,0,0,0,0,0,0,0
"U[10,10,3,1,1]",1.0,0,0,0,0,0,0,0
"U[11,7,0,2,1]",3.0,0,0,0,0,0,0,0
"U[11,7,0,2,2]",3.0,0,0,0,0,0,0,0
"U[11,7,1,2,1]",13.0,0,0,0,0,0,0,0
"U[11,7,1,2,2]",4.0,0,0,0,0,0,0,0
"U[11,7,2,1,0]",27.0,0,0,0,0,0,0,0
"U[11,7,2,1,2]",1.0,0,0,0,0,0,0,0
"U[11,7,3,4,2]",0.24011864406864344,0,0,0,0,0,0,0
"U[11,8,0,2,0]",0.5901862745107832,0,0,0,0,0,0,0
"U[11,8,0,2,3]",4.0,0,0,0,0,0,0,0
"U[11,8,1,2,0]",12.686754716982074,0,0,0,0,0,0,0
"U[11,8,1,2,1]",1.0,0,0,0,0,0,0,0
"U[11,8,1,2,3]",1.5988018867933962,0,0,0,0,0,0,0
"U[11,8,2,1,2]",8.0,0,0,0,0,0,0,0
"U[11,8,2,2,0]",0.7966301369876728,0,0,0,0,0,0,0
"U[11,8,2,2,1]",16.422479452056166,0,0,0,0,0,0,0
"U[11,8,2,2,3]",2.7404657534260273,0,0,0,0,0,0,0
"U[11,8,3,3,3]",0.019330508475423728,0,0,0,0,0,0,0
"U[11,9,0,2,1]",32.0,0,0,0,0,0,0,0
"U[11,9,0,2,3]",1.641627450981369,0,0,0,0,0,0,0
"U[11,9,1,2,1]",3.636188679246221,0,0,0,0,0,0,0
"U[11,9,1,2,2]",2.0,0,0,0,0,0,0,0
"U[11,9,2,2,1]",7.0,0,0,0,0,0,0,0
"U[11,9,2,2,2]",0.09272602739862855,0,0,0,0,0,0,0
"U[11,9,3,1,1]",1.0,0,0,0,0,0,0,0
"U[11,10,0,2,0]",10.0,0,0,0,0,0,0,0
"U[11,10,0,2,1]",0.36118627451076263,0,0,0,0,0,0,0
"U[11,10,0,2,2]",21.870235294118615,0,0,0,0,0,0,0
"U[11,10,1,2,2]",2.0,0,0,0,0,0,0,0
"U[11,10,2,1,1]",15.0,0,0,0,0,0,0,0
"U[11,10,2,1,3]",1.0,0,0,0,0,0,0,0
"U[11,10,3,1,2]",1.0,0,0,0,0,0,0,0
"U[11,11,0,2,2]",19.0,0,0,0,0,0,0,0
"U[11,11,1,2,2]",1.848462264151883,0,0,0,0,0,0,0
"U[11,11,2,1,0]",11.0,0,0,0,0,0,0,0
"U[11,11,2,1,1]",4.0,0,0,0,0,0,0,0
"U[11,11,2,1,2]",9.0,0,0,0,0,0,0,0
"U[11,11,3,1,1]",7.958762711865253,0,0,0,0,0,0,0
"U[11,11,3,4,0]",0.17633898305169493,0,0,0,0,0,0,0
"U[12,7,0,2,3]",5.0,0,0,0,0,0,0,0
"U[12,7,1,2,1]",15.251150943397162,0,0,0,0,0,0,0
"U[12,7,1,2,3]",0.6691509433971695,0,0,0,0,0,0,0
"U[12,7,2,1,1]",28.0,0,0,0,0,0,0,0
"U[12,7,3,4,3]",0.02008474576355932,0,0,0,0,0,0,0
"U[12,8,0,2,2]",6.0,0,0,0,0,0,0,0
"U[12,8,1,2,0]",4.740886792453766,0,0,0,0,0,0,0
"U[12,8,1,2,1]",3.0,0,0,0,0,0,0,0
"U[12,8,1,2,2]",7.942179245283959,0,0,0,0,0,0,0
"U[12,8,2,1,1]",1.0,0,0,0,0,0,0,0
"U[12,8,2,1,2]",7.0,0,0,0,0,0,0,0
"U[12,8,2,2,0]",20.999999999999982,0,0,0,0,0,0,0
"U[12,8,3,3,2]",0.2507711864415254,0,0,0,0,0,0,0
"U[12,9,0,2,0]",5.850196078432343,0,0,0,0,0,0,0
"U[12,9,0,2,1]",17.72693137254999,0,0,0,0,0,0,0
"U[12,9,0,2,2]",10.0,0,0,0,0,0,0,0
"U[12,9,1,2,0]",6.0,0,0,0,0,0,0,0
"U[12,9,2,2,1]",8.0,0,0,0,0,0,0,0
"U[12,10,0,2,0]",5.0,0,0,0,0,0,0,0
"U[12,10,0,2,2]",26.886745098040183,0,0,0,0,0,0,0
"U[12,10,0,2,3]",0.7666372549006033,0,0,0,0,0,0,0
"U[12,10,1,2,0]",2.0,0,0,0,0,0,0,0
"U[12,11,0,2,1]",19.0,0,0,0,0,0,0,0
"U[12,11,1,2,2]",1.0,0,0,0,0,0,0,0
"U[12,11,1,2,3]",1.0,0,0,0,0,0,0,0
"U[12,11,2,1,0]",1.0,0,0,0,0,0,0,0
"U[12,12,0,2,2]",1.0,0,0,0,0,0,0,0
"U[12,12,1,2,2]",1.0,0,0,0,0,0,0,0
"U[12,12,2,1,0]",17.0,0,0,0,0,0,0,0
"U[12,12,2,1,1]",7.0,0,0,0,0,0,0,0
"U[12,12,2,1,2]",9.0,0,0,0,0,0,0,0
"U[12,12,2,3,0]",0.8430684931520731,0,0,0,0,0,0,0
"U[12,12,2,3,1]",0.48495890411091946,0,0,0,0,0,0,0
"U[12,12,2,3,2]",2.6347671232890164,0,0,0,0,0,0,0
"U[12,12,2,3,3]",3.7635890410972603,0,0,0,0,0,0,0
"U[12,12,3,1,1]",6.0,0,0,0,0,0,0,0
"U[12,12,3,2,1]",3.388033898305932,0,0,0,0,0,0,0
"U[12,12,3,2,2]",1.0,0,0,0,0,0,0,0
"U[12,12,3,3,0]",0.1836186440686441,0,0,0,0,0,0,0
"U[13,7,0,2,2]",4.0,0,0,0,0,0,0,0
"U[13,7,0,2,3]",0.907431372549838,0,0,0,0,0,0,0
"U[13,7,1,2,0]",5.0,0,0,0,0,0,0,0
"U[13,7,1,2,1]",11.0,0,0,0,0,0,0,0
"U[13,7,1,2,3]",1.0,0,0,0,0,0,0,0
"U[13,7,2,1,0]",14.0,0,0,0,0,0,0,0
"U[13,7,2,1,1]",12.0,0,0,0,0,0,0,0
"U[13,7,2,1,2]",2.0,0,0,0,0,0,0,0
"U[13,7,3,4,3]",0.02044915254322034,0,0,0,0,0,0,0
"U[13,8,0,2,0]",5.2127745098049,0,0,0,0,0,0,0
"U[13,8,1,2,0]",5.101226415095262,0,0,0,0,0,0,0
"U[13,8,1,2,2]",10.0,0,0,0,0,0,0,0
"U[13,8,2,1,2]",8.0,0,0,0,0,0,0,0
"U[13,8,2,2,0]",15.0,0,0,0,0,0,0,0
"U[13,8,2,2,1]",3.0,0,0,0,0,0,0,0
"U[13,8,2,2,2]",3.0,0,0,0,0,0,0,0
"U[13,8,3,3,0]",0.19272033898389831,0,0,0,0,0,0,0
"U[13,9,0,2,1]",5.0,0,0,0,0,0,0,0
"U[13,9,0,2,2]",28.090372549020586,0,0,0,0,0,0,0
"U[13,9,1,2,1]",5.0,0,0,0,0,0,0,0
"U[13,9,1,2,2]",0.40752830188773254,0,0,0,0,0,0,0
"U[13,9,2,2,0]",3.0,0,0,0,0,0,0,0
"U[13,9,2,2,1]",3.0,0,0,0,0,0,0,0
"U[13,9,2,2,3]",2.0,0,0,0,0,0,0,0
"U[13,10,0,2,1]",32.46464705882451,0,0,0,0,0,0,0
"U[13,10,1,2,0]",1.0,0,0,0,0,0,0,0
"U[13,10,1,2,1]",0.7009622641518549,0,0,0,0,0,0,0
"U[13,11,0,2,0]",5.0,0,0,0,0,0,0,0
"U[13,11,0,2,2]",9.0,0,0,0,0,0,0,0
"U[13,11,0,2,3]",5.0,0,0,0,0,0,0,0
"U[13,11,1,2,1]",2.0,0,0,0,0,0,0,0
"U[13,12,0,2,0]",1.0,0,0,0,0,0,0,0
"U[13,12,1,2,3]",0.6994433962273571,0,0,0,0,0,0,0
"U[13,12,2,3,0]",0.8678356164397112,0,0,0,0,0,0,0
"U[13,12,2,3,1]",0.7927808219191697,0,0,0,0,0,0,0
"U[13,12,2,3,2]",5.867493150686297,0,0,0,0,0,0,0
"U[13,12,2,3,3]",0.8481506849312577,0,0,0,0,0,0,0
"U[13,13,0,2,2]",4.0,0,0,0,0,0,0,0
"U[13,13,1,2,0]",2.0,0,0,0,0,0,0,0
"U[13,13,2,1,1]",26.0,0,0,0,0,0,0,0
"U[13,13,2,2,0]",8.0,0,0,0,0,0,0,0
"U[13,13,2,2,3]",1.0,0,0,0,0,0,0,0
"U[13,13,3,1,2]",1.0,0,0,0,0,0,0,0
"U[13,13,3,2,1]",9.612194915255083,0,0,0,0,0,0,0
"U[13,13,3,4,2]",0.28043220339015373,0,0,0,0,0,0,0
"U[14,7,0,2,0]",5.0,0,0,0,0,0,0,0
"U[14,7,1,2,0]",10.0,0,0,0,0,0,0,0
"U[14,7,1,2,1]",3.0,0,0,0,0,0,0,0
"U[14,7,1,2,2]",4.0,0,0,0,0,0,0,0
"U[14,7,2,1,0]",19.0,0,0,0,0,0,0,0
"U[14,7,2,1,1]",8.970384625015875,0,0,0,0,0,0,0
"U[14,7,3,4,3]",0.020466101695762712,0,0,0,0,0,0,0
"U[14,8,0,2,0]",2.0,0,0,0,0,0,0,0
"U[14,8,0,2,2]",3.9999999999999907,0,0,0,0,0,0,0
"U[14,8,1,2,0]",1.0,0,0,0,0,0,0,0
"U[14,8,1,2,1]",11.0,0,0,0,0,0,0,0
"U[14,8,1,2,2]",4.0,0,0,0,0,0,0,0
"U[14,8,2,1,1]",3.0,0,0,0,0,0,0,0
"U[14,8,2,1,2]",4.972452054788323,0,0,0,0,0,0,0
"U[14,8,2,2,0]",10.0,0,0,0,0,0,0,0
"U[14,8,2,2,1]",10.0,0,0,0,0,0,0,0
"U[14,8,2,2,3]",1.0,0,0,0,0,0,0,0
"U[14,8,3,3,0]",0.19707627118728815,0,0,0,0,0,0,0
"U[14,9,0,2,2]",33.72516666666765,0,0,0,0,0,0,0
"U[14,9,1,2,0]",2.0,0,0,0,0,0,0,0
"U[14,9,1,2,1]",2.0,0,0,0,0,0,0,0
"U[14,9,1,2,2]",0.6776698113216872,0,0,0,0,0,0,0
"U[14,9,1,2,3]",1.0,0,0,0,0,0,0,0
"U[14,9,2,2,2]",8.0,0,0,0,0,0,0,0
"U[14,10,0,2,0]",4.72809803921666,0,0,0,0,0,0,0
"U[14,10,0,2,1]",26.755421568628417,0,0,0,0,0,0,0
"U[14,10,0,2,3]",1.0,0,0,0,0,0,0,0
"U[14,10,1,2,1]",2.0,0,0,0,0,0,0,0
"U[14,11,0,2,1]",11.0,0,0,0,0,0,0,0
"U[14,11,0,2,2]",8.0,0,0,0,0,0,0,0
"U[14,11,1,2,2]",2.0,0,0,0,0,0,0,0
"U[14,12,0,2,3]",0.17738235294215543,0,0,0,0,0,0,0
"U[14,12,1,2,3]",0.7616415094349049,0,0,0,0,0,0,0
"U[14,12,2,3,0]",1.860561643836963,0,0,0,0,0,0,0
"U[14,12,2,3,1]",4.892519484574519,0,0,0,0,0,0,0
"U[14,12,2,3,3]",1.0117397260287648,0,0,0,0,0,0,0
"U[14,13,0,2,3]",4.0,0,0,0,0,0,0,0
"U[14,14,0,2,1]",1.0,0,0,0,0,0,0,0
"U[14,14,0,2,3]",1.0,0,0,0,0,0,0,0
"U[14,14,1,2,1]",1.614207547170713,0,0,0,0,0,0,0
"U[14,14,1,4,0]",0.22671698113300098,0,0,0,0,0,0,0
"U[14,14,2,1,0]",12.0,0,0,0,0,0,0,0
"U[14,14,2,1,3]",1.0,0,0,0,0,0,0,0
"U[14,14,2,2,1]",18.0,0,0,0,0,0,0,0
"U[14,14,2,2,2]",6.0,0,0,0,0,0,0,0
"U[14,14,2,2,3]",1.0,0,0,0,0,0,0,0
"U[14,14,3,2,1]",9.716279661017795,0,0,0,0,0,0,0
"U[14,14,3,2,2]",1.0,0,0,0,0,0,0,0
"U[14,14,3,4,2]",0.3264322033901593,0,0,0,0,0,0,0
"U[15,7,0,2,1]",5.0,0,0,0,0,0,0,0
"U[15,7,1,2,0]",8.0,0,0,0,0,0,0,0
"U[15,7,1,2,1]",9.0,0,0,0,0,0,0,0
"U[15,7,2,1,0]",5.0,0,0,0,0,0,0,0
"U[15,7,2,1,1]",23.0,0,0,0,0,0,0,0
"U[15,7,3,4,3]",0.020737288136440678,0,0,0,0,0,0,0
"U[15,8,0,2,2]",6.0,0,0,0,0,0,0,0
"U[15,8,1,2,1]",11.0,0,0,0,0,0,0,0
"U[15,8,1,2,2]",5.0,0,0,0,0,0,0,0
"U[15,8,2,1,1]",1.0,0,0,0,0,0,0,0
"U[15,8,2,1,2]",5.0,0,0,0,0,0,0,0
"U[15,8,2,1,3]",2.0,0,0,0,0,0,0,0
"U[15,8,2,2,1]",19.0,0,0,0,0,0,0,0
"U[15,8,2,2,2]",2.0,0,0,0,0,0,0,0
"U[15,8,3,3,0]",0.19862711864491525,0,0,0,0,0,0,0
"U[15,9,0,2,0]",6.0,0,0,0,0,0,0,0
"U[15,9,0,2,1]",14.0,0,0,0,0,0,0,0
"U[15,9,0,2,2]",10.0,0,0,0,0,0,0,0
"U[15,9,0,2,3]",4.0,0,0,0,0,0,0,0
"U[15,9,1,2,2]",6.0,0,0,0,0,0,0,0
"U[15,9,2,2,2]",6.0,0,0,0,0,0,0,0
"U[15,9,2,2,3]",2.0,0,0,0,0,0,0,0
"U[15,10,0,2,0]",2.0,0,0,0,0,0,0,0
"U[15,10,0,2,2]",31.0,0,0,0,0,0,0,0
"U[15,10,1,2,0]",2.0,0,0,0,0,0,0,0
"U[15,11,0,2,1]",19.0,0,0,0,0,0,0,0
"U[15,11,1,2,0]",2.0,0,0,0,0,0,0,0
"U[15,12,0,2,1]",1.0,0,0,0,0,0,0,0
"U[15,12,1,2,0]",1.0,0,0,0,0,0,0,0
"U[15,12,2,3,0]",3.2366986301383176,0,0,0,0,0,0,0
"U[15,12,2,3,1]",2.172863013699949,0,0,0,0,0,0,0
"U[15,12,2,3,2]",0.8431643835630105,0,0,0,0,0,0,0
"U[15,12,2,3,3]",0.20426027397396818,0,0,0,0,0,0,0
"U[15,13,0,2,0]",4.0,0,0,0,0,0,0,0
"U[15,14,0,2,3]",2.0,0,0,0,0,0,0,0
"U[15,15,0,3,0]",0.29763725490293147,0,0,0,0,0,0,0
"U[15,15,0,3,1]",0.15852941176563662,0,0,0,0,0,0,0
"U[15,15,0,3,2]",0.5281568627460356,0,0,0,0,0,0,0
"U[15,15,0,3,3]",0.2962450980401917,0,0,0,0,0,0,0
"U[15,15,1,1,3]",0.9046751224778123,0,0,0,0,0,0,0
"U[15,15,1,2,3]",0.8961739341269047,0,0,0,0,0,0,0
"U[15,15,1,3,0]",0.30843396226508313,0,0,0,0,0,0,0
"U[15,15,1,3,1]",0.3000471698122603,0,0,0,0,0,0,0
"U[15,15,1,3,2]",0.20697169811414895,0,0,0,0,0,0,0
"U[15,15,2,2,0]",36.0,0,0,0,0,0,0,0
"U[15,15,2,2,2]",6.0,0,0,0,0,0,0,0
"U[15,15,3,2,1]",9.73352542372966,0,0,0,0,0,0,0
"U[15,15,3,2,2]",1.0,0,0,0,0,0,0,0
"U[15,15,3,3,2]",0.36768644067826706,0,0,0,0,0,0,0
"T[0,0,0,1,0]",9.0,0,0,0,0,0,0,0
"T[0,0,0,1,1]",26.0,0,0,0,0,0,0,0
"T[0,0,0,1,2]",33.0,0,0,0,0,0,0,0
"T[0,0,0,1,3]",4.0,0,0,0,0,0,0,0
"T[0,0,0,4,3]",1.0,0,0,0,0,0,0,0
"T[0,0,1,1,0]",9.0,0,0,0,0,0,0,0
"T[0,0,1,1,1]",13.0,0,0,0,0,0,0,0
"T[0,0,1,1,2]",7.0,0,0,0,0,0,0,0
"T[0,0,1,1,3]",1.0,0,0,0,0,0,0,0
"T[0,0,1,4,0]",1.0,0,0,0,0,0,0,0
"T[0,0,1,4,1]",1.0,0,0,0,0,0,0,0
"T[0,0,1,4,2]",1.0,0,0,0,0,0,0,0
"T[0,0,1,4,3]",1.0,0,0,0,0,0,0,0
"T[0,0,2,1,0]",30.0,0,0,0,0,0,0,0
"T[0,0,2,1,1]",33.0,0,0,0,0,0,0,0
"T[0,0,2,1,2]",14.0,0,0,0,0,0,0,0
"T[0,0,2,1,3]",3.0,0,0,0,0,0,0,0
"T[0,0,2,4,1]",1.0,0,0,0,0,0,0,0
"T[0,0,3,1,1]",6.0,0,0,0,0,0,0,0
"T[0,0,3,1,2]",1.0,0,0,0,0,0,0,0
"T[0,0,3,4,0]",1.0,0,0,0,0,0,0,0
"T[0,0,3,4,1]",1.0,0,0,0,0,0,0,0
"T[0,0,3,4,2]",1.0,0,0,0,0,0,0,0
"T[0,0,3,4,3]",1.0,0,0,0,0,0,0,0
"T[1,0,0,1,1]",27.0,0,0,0,0,0,0,0
"T[1,0,0,1,2]",33.0,0,0,0,0,0,0,0
"T[1,0,0,4,3]",1.0,0,0,0,0,0,0,0
"T[1,0,1,1,0]",10.0,0,0,0,0,0,0,0
"T[1,0,1,1,1]",12.0,0,0,0,0,0,0,0
"T[1,0,1,1,2]",4.0,0,0,0,0,0,0,0
"T[1,0,1,1,3]",1.0,0,0,0,0,0,0,0
"T[1,0,1,4,1]",1.0,0,0,0,0,0,0,0
"T[1,0,1,4,3]",1.0,0,0,0,0,0,0,0
"T[1,0,2,1,0]",26.0,0,0,0,0,0,0,0
"T[1,0,2,1,1]",20.0,0,0,0,0,0,0,0
"T[1,0,2,1,2]",14.0,0,0,0,0,0,0,0
"T[1,0,2,4,2]",1.0,0,0,0,0,0,0,0
"T[1,0,3,1,1]",4.0,0,0,0,0,0,0,0
"T[1,0,3,1,2]",1.0,0,0,0,0,0,0,0
"T[1,0,3,4,0]",1.0,0,0,0,0,0,0,0
"T[1,0,3,4,1]",1.0,0,0,0,0,0,0,0
"T[1,0,3,4,2]",1.0,0,0,0,0,0,0,0
"T[1,0,3,4,3]",1.0,0,0,0,0,0,0,0
"T[1,1,0,1,0]",9.0,0,0,0,0,0,0,0
"T[1,1,0,1,3]",4.0,0,0,0,0,0,0,0
"T[1,1,1,1,1]",1.0,0,0,0,0,0,0,0
"T[1,1,1,1,2]",4.0,0,0,0,0,0,0,0
"T[1,1,2,1,0]",5.0,0,0,0,0,0,0,0
"T[1,1,2,1,1]",14.0,0,0,0,0,0,0,0
"T[1,1,2,1,3]",3.0,0,0,0,0,0,0,0
"T[1,1,3,1,1]",2.0,0,0,0,0,0,0,0
"T[2,0,0,1,0]",4.0,0,0,0,0,0,0,0
"T[2,0,0,1,1]",28.0,0,0,0,0,0,0,0
"T[2,0,0,1,2]",26.0,0,0,0,0,0,0,0
"T[2,0,1,1,0]",5.0,0,0,0,0,0,0,0
"T[2,0,1,1,1]",14.0,0,0,0,0,0,0,0
"T[2,0,1,1,2]",7.0,0,0,0,0,0,0,0
"T[2,0,1,1,3]",1.0,0,0,0,0,0,0,0
"T[2,0,1,4,0]",1.0,0,0,0,0,0,0,0
"T[2,0,1,4,3]",1.0,0,0,0,0,0,0,0
"T[2,0,2,1,0]",17.0,0,0,0,0,0,0,0
"T[2,0,2,1,1]",13.0,0,0,0,0,0,0,0
"T[2,0,2,4,1]",1.0,0,0,0,0,0,0,0
"T[2,0,3,4,0]",1.0,0,0,0,0,0,0,0
"T[2,0,3,4,2]",1.0,0,0,0,0,0,0,0
"T[2,0,3,4,3]",1.0,0,0,0,0,0,0,0
"T[2,1,0,1,2]",8.0,0,0,0,0,0,0,0
"T[2,1,0,1,3]",5.0,0,0,0,0,0,0,0
"T[2,1,1,1,0]",5.0,0,0,0,0,0,0,0
"T[2,1,2,1,1]",21.0,0,0,0,0,0,0,0
"T[2,1,2,1,2]",1.0,0,0,0,0,0,0,0
"T[2,1,3,1,2]",1.0,0,0,0,0,0,0,0
"T[2,2,0,1,0]",5.0,0,0,0,0,0,0,0
"T[2,2,0,1,2]",1.0,0,0,0,0,0,0,0
"T[2,2,1,1,2]",1.0,0,0,0,0,0,0,0
"T[2,2,2,1,0]",14.0,0,0,0,0,0,0,0
"T[2,2,2,1,2]",14.0,0,0,0,0,0,0,0
"T[2,2,2,1,3]",3.0,0,0,0,0,0,0,0
"T[2,2,3,1,1]",7.0,0,0,0,0,0,0,0
"T[3,0,0,1,1]",23.0,0,0,0,0,0,0,0
"T[3,0,0,1,2]",35.0,0,0,0,0,0,0,0
"T[3,0,1,1,1]",5.0,0,0,0,0,0,0,0
"T[3,0,1,1,2]",6.0,0,0,0,0,0,0,0
"T[3,0,1,1,3]",1.0,0,0,0,0,0,0,0
"T[3,0,1,4,0]",1.0,0,0,0,0,0,0,0
"T[3,0,2,1,0]",2.0,0,0,0,0,0,0,0
"T[3,0,2,1,1]",4.0,0,0,0,0,0,0,0
"T[3,0,2,4,3]",1.0,0,0,0,0,0,0,0
"T[3,0,3,4,0]",1.0,0,0,0,0,0,0,0
"T[3,0,3,4,3]",1.0,0,0,0,0,0,0,0
"T[3,1,0,1,0]",7.0,0,0,0,0,0,0,0
"T[3,1,0,1,1]",6.0,0,0,0,0,0,0,0
"T[3,1,1,1,0]",5.0,0,0,0,0,0,0,0
"T[3,1,2,1,0]",3.0,0,0,0,0,0,0,0
"T[3,1,2,1,2]",16.0,0,0,0,0,0,0,0
"T[3,1,2,1,3]",3.0,0,0,0,0,0,0,0
"T[3,1,3,1,2]",1.0,0,0,0,0,0,0,0
"T[3,2,0,1,0]",2.0,0,0,0,0,0,0,0
"T[3,2,0,1,3]",4.0,0,0,0,0,0,0,0
"T[3,2,1,1,0]",1.0,0,0,0,0,0,0,0
"T[3,2,2,1,1]",31.0,0,0,0,0,0,0,0
"T[3,2,3,1,1]",7.0,0,0,0,0,0,0,0
"T[3,3,0,1,3]",1.0,0,0,0,0,0,0,0
"T[3,3,1,1,0]",4.0,0,0,0,0,0,0,0
"T[3,3,1,1,1]",9.0,0,0,0,0,0,0,0
"T[3,3,1,1,2]",2.0,0,0,0,0,0,0,0
"T[3,3,1,1,3]",1.0,0,0,0,0,0,0,0
"T[3,3,2,1,0]",27.0,0,0,0,0,0,0,0
"T[3,3,3,4,2]",1.0,0,0,0,0,0,0,0
"T[4,0,0,1,0]",9.0,0,0,0,0,0,0,0
"T[4,0,0,1,1]",24.0,0,0,0,0,0,0,0
"T[4,0,0,1,2]",21.0,0,0,0,0,0,0,0
"T[4,0,0,1,3]",4.0,0,0,0,0,0,0,0
"T[4,0,2,4,3]",1.0,0,0,0,0,0,0,0
"T[4,1,0,1,2]",13.0,0,0,0,0,0,0,0
"T[4,1,1,1,2]",3.0,0,0,0,0,0,0,0
"T[4,1,1,1,3]",1.0,0,0,0,0,0,0,0
"T[4,1,2,1,1]",2.0,0,0,0,0,0,0,0
"T[4,1,3,1,2]",1.0,0,0,0,0,0,0,0
"T[4,2,0,1,1]",6.0,0,0,0,0,0,0,0
"T[4,2,1,1,0]",1.0,0,0,0,0,0,0,0
"T[4,2,2,1,0]",5.0,0,0,0,0,0,0,0
"T[4,2,2,1,1]",22.0,0,0,0,0,0,0,0
"T[4,2,2,1,2]",1.0,0,0,0,0,0,0,0
"T[4,2,2,1,3]",3.0,0,0,0,0,0,0,0
"T[4,2,3,1,1]",7.0,0,0,0,0,0,0,0
"T[4,3,0,1,2]",1.0,0,0,0,0,0,0,0
"T[4,3,1,1,0]",8.0,0,0,0,0,0,0,0
"T[4,3,1,1,1]",7.0,0,0,0,0,0,0,0
"T[4,3,1,1,2]",1.0,0,0,0,0,0,0,0
"T[4,3,2,1,1]",12.0,0,0,0,0,0,0,0
"T[4,3,2,1,2]",15.0,0,0,0,0,0,0,0
"T[4,3,3,4,1]",1.0,0,0,0,0,0,0,0
"T[4,4,0,2,0]",1.0,0,0,0,0,0,0,0
"T[4,4,0,2,1]",1.0,0,0,0,0,0,0,0
"T[4,4,0,2,2]",1.0,0,0,0,0,0,0,0
"T[4,4,0,2,3]",1.0,0,0,0,0,0,0,0
"T[4,4,1,1,1]",1.0,0,0,0,0,0,0,0
"T[4,4,1,1,2]",4.0,0,0,0,0,0,0,0
"T[4,4,1,2,0]",2.0,0,0,0,0,0,0,0
"T[4,4,1,2,1]",6.0,0,0,0,0,0,0,0
"T[4,4,1,2,2]",1.0,0,0,0,0,0,0,0
"T[4,4,1,2,3]",1.0,0,0,0,0,0,0,0
"T[4,4,2,1,0]",28.0,0,0,0,0,0,0,0
"T[4,4,3,2,0]",1.0,0,0,0,0,0,0,0
"T[4,4,3,2,2]",1.0,0,0,0,0,0,0,0
"T[4,4,3,4,3]",1.0,0,0,0,0,0,0,0
"T[5,0,0,1,0]",8.0,0,0,0,0,0,0,0
"T[5,0,0,1,1]",22.0,0,0,0,0,0,0,0
"T[5,1,0,1,0]",1.0,0,0,0,0,0,0,0
"T[5,1,0,1,2]",10.0,0,0,0,0,0,0,0
"T[5,1,0,1,3]",2.0,0,0,0,0,0,0,0
"T[5,2,0,1,1]",1.0,0,0,0,0,0,0,0
"T[5,2,0,1,2]",5.0,0,0,0,0,0,0,0
"T[5,2,2,1,0]",6.0,0,0,0,0,0,0,0
"T[5,2,2,1,1]",7.0,0,0,0,0,0,0,0
"T[5,2,2,1,2]",14.0,0,0,0,0,0,0,0
"T[5,2,2,1,3]",3.0,0,0,0,0,0,0,0
"T[5,2,3,1,1]",2.0,0,0,0,0,0,0,0
"T[5,3,0,1,3]",1.0,0,0,0,0,0,0,0
"T[5,3,1,1,0]",10.0,0,0,0,0,0,0,0
"T[5,3,1,1,1]",5.0,0,0,0,0,0,0,0
"T[5,3,1,1,3]",1.0,0,0,0,0,0,0,0
"T[5,3,2,1,0]",27.0,0,0,0,0,0,0,0
"T[5,3,3,4,2]",1.0,0,0,0,0,0,0,0
"T[5,4,0,2,0]",1.0,0,0,0,0,0,0,0
"T[5,4,0,2,3]",3.0,0,0,0,0,0,0,0
"T[5,4,1,1,2]",5.0,0,0,0,0,0,0,0
"T[5,4,1,2,0]",1.0,0,0,0,0,0,0,0
"T[5,4,1,2,1]",7.0,0,0,0,0,0,0,0
"T[5,4,1,2,2]",1.0,0,0,0,0,0,0,0
"T[5,4,1,2,3]",1.0,0,0,0,0,0,0,0
"T[5,4,2,1,1]",27.0,0,0,0,0,0,0,0
"T[5,4,2,1,2]",1.0,0,0,0,0,0,0,0
"T[5,4,3,2,0]",1.0,0,0,0,0,0,0,0
"T[5,4,3,2,1]",1.0,0,0,0,0,0,0,0
"T[5,4,3,4,3]",1.0,0,0,0,0,0,0,0
"T[5,5,0,1,1]",7.0,0,0,0,0,0,0,0
"T[5,5,0,2,1]",1.0,0,0,0,0,0,0,0
"T[5,5,0,2,2]",22.0,0,0,0,0,0,0,0
"T[5,5,0,2,3]",1.0,0,0,0,0,0,0,0
"T[5,5,1,1,1]",3.0,0,0,0,0,0,0,0
"T[5,5,1,1,2]",3.0,0,0,0,0,0,0,0
"T[5,5,2,2,0]",1.0,0,0,0,0,0,0,0
"T[5,5,2,2,1]",3.0,0,0,0,0,0,0,0
"T[5,5,2,2,2]",1.0,0,0,0,0,0,0,0
"T[5,5,2,2,3]",1.0,0,0,0,0,0,0,0
"T[5,5,3,2,1]",5.0,0,0,0,0,0,0,0
"T[5,5,3,2,2]",1.0,0,0,0,0,0,0,0
"T[6,0,0,1,1]",26.0,0,0,0,0,0,0,0
"T[6,0,0,1,3]",1.0,0,0,0,0,0,0,0
"T[6,1,0,1,1]",4.0,0,0,0,0,0,0,0
"T[6,2,0,1,0]",5.0,0,0,0,0,0,0,0
"T[6,2,0,1,2]",1.0,0,0,0,0,0,0,0
"T[6,3,0,1,3]",1.0,0,0,0,0,0,0,0
"T[6,3,1,1,0]",1.0,0,0,0,0,0,0,0
"T[6,3,1,1,1]",15.0,0,0,0,0,0,0,0
"T[6,3,2,1,0]",1.0,0,0,0,0,0,0,0
"T[6,3,2,1,1]",16.0,0,0,0,0,0,0,0
"T[6,3,2,1,2]",5.0,0,0,0,0,0,0,0
"T[6,3,2,1,3]",4.0,0,0,0,0,0,0,0
"T[6,3,3,4,0]",1.0,0,0,0,0,0,0,0
"T[6,4,0,2,2]",1.0,0,0,0,0,0,0,0
"T[6,4,0,2,3]",3.0,0,0,0,0,0,0,0
"T[6,4,1,1,0]",5.0,0,0,0,0,0,0,0
"T[6,4,1,2,0]",4.0,0,0,0,0,0,0,0
"T[6,4,1,2,2]",4.0,0,0,0,0,0,0,0
"T[6,4,1,2,3]",2.0,0,0,0,0,0,0,0
"T[6,4,2,1,0]",28.0,0,0,0,0,0,0,0
"T[6,4,3,2,1]",1.0,0,0,0,0,0,0,0
"T[6,4,3,2,2]",1.0,0,0,0,0,0,0,0
"T[6,4,3,4,3]",1.0,0,0,0,0,0,0,0
"T[6,5,0,1,2]",7.0,0,0,0,0,0,0,0
"T[6,5,0,2,2]",24.0,0,0,0,0,0,0,0
"T[6,5,1,1,1]",1.0,0,0,0,0,0,0,0
"T[6,5,1,1,2]",5.0,0,0,0,0,0,0,0
"T[6,5,2,2,0]",6.0,0,0,0,0,0,0,0
"T[6,5,3,2,1]",5.0,0,0,0,0,0,0,0
"T[6,5,3,2,2]",1.0,0,0,0,0,0,0,0
"T[6,6,0,1,0]",5.0,0,0,0,0,0,0,0
"T[6,6,0,1,1]",2.0,0,0,0,0,0,0,0
"T[6,6,0,1,2]",6.0,0,0,0,0,0,0,0
"T[6,6,1,2,0]",2.0,0,0,0,0,0,0,0
"T[6,6,2,1,1]",23.0,0,0,0,0,0,0,0
"T[6,6,2,1,2]",12.0,0,0,0,0,0,0,0
"T[6,6,3,2,1]",2.0,0,0,0,0,0,0,0
"T[7,0,0,1,0]",5.0,0,0,0,0,0,0,0
"T[7,0,0,1,1]",2.0,0,0,0,0,0,0,0
"T[7,0,0,1,2]",20.0,0,0,0,0,0,0,0
"T[7,1,0,1,2]",4.0,0,0,0,0,0,0,0
"T[7,2,0,1,1]",2.0,0,0,0,0,0,0,0
"T[7,2,0,1,2]",3.0,0,0,0,0,0,0,0
"T[7,2,0,1,3]",1.0,0,0,0,0,0,0,0
"T[7,3,0,1,3]",1.0,0,0,0,0,0,0,0
"T[7,3,3,4,2]",1.0,0,0,0,0,0,0,0
"T[7,4,0,2,0]",4.0,0,0,0,0,0,0,0
"T[7,4,1,1,0]",4.0,0,0,0,0,0,0,0
"T[7,4,1,1,2]",1.0,0,0,0,0,0,0,0
"T[7,4,1,2,0]",1.0,0,0,0,0,0,0,0
"T[7,4,1,2,1]",5.0,0,0,0,0,0,0,0
"T[7,4,1,2,2]",2.0,0,0,0,0,0,0,0
"T[7,4,1,2,3]",2.0,0,0,0,0,0,0,0
"T[7,4,2,1,0]",3.0,0,0,0,0,0,0,0
"T[7,4,2,1,1]",6.0,0,0,0,0,0,0,0
"T[7,4,2,1,2]",17.0,0,0,0,0,0,0,0
"T[7,4,3,4,3]",1.0,0,0,0,0,0,0,0
"T[7,5,0,1,2]",7.0,0,0,0,0,0,0,0
"T[7,5,0,2,1]",24.0,0,0,0,0,0,0,0
"T[7,5,1,1,2]",6.0,0,0,0,0,0,0,0
"T[7,5,2,2,1]",2.0,0,0,0,0,0,0,0
"T[7,5,2,2,3]",4.0,0,0,0,0,0,0,0
"T[7,5,3,2,1]",6.0,0,0,0,0,0,0,0
"T[7,6,0,1,1]",5.0,0,0,0,0,0,0,0
"T[7,6,0,1,2]",5.0,0,0,0,0,0,0,0
"T[7,6,0,1,3]",3.0,0,0,0,0,0,0,0
"T[7,6,1,2,0]",2.0,0,0,0,0,0,0,0
"T[7,6,2,1,0]",32.0,0,0,0,0,0,0,0
"T[7,6,2,1,1]",3.0,0,0,0,0,0,0,0
"T[7,6,3,2,1]",1.0,0,0,0,0,0,0,0
"T[7,6,3,2,2]",1.0,0,0,0,0,0,0,0
"T[7,7,0,2,0]",5.0,0,0,0,0,0,0,0
"T[7,7,0,2,1]",1.0,0,0,0,0,0,0,0
"T[7,7,1,2,0]",5.0,0,0,0,0,0,0,0
"T[7,7,1,2,1]",11.0,0,0,0,0,0,0,0
"T[7,7,1,2,2]",1.0,0,0,0,0,0,0,0
"T[7,7,2,1,1]",28.0,0,0,0,0,0,0,0
"T[7,7,3,1,1]",1.0,0,0,0,0,0,0,0
"T[7,7,3,4,0]",1.0,0,0,0,0,0,0,0
"T[8,0,0,1,0]",1.0,0,0,0,0,0,0,0
"T[8,0,0,1,1]",26.0,0,0,0,0,0,0,0
"T[8,1,0,1,0]",4.0,0,0,0,0,0,0,0
"T[8,2,0,1,0]",5.0,0,0,0,0,0,0,0
"T[8,2,0,1,2]",1.0,0,0,0,0,0,0,0
"T[8,3,0,1,3]",1.0,0,0,0,0,0,0,0
"T[8,4,0,2,2]",3.0,0,0,0,0,0,0,0
"T[8,4,0,2,3]",1.0,0,0,0,0,0,0,0
"T[8,4,3,4,2]",1.0,0,0,0,0,0,0,0
"T[8,5,0,1,2]",7.0,0,0,0,0,0,0,0
"T[8,5,0,2,1]",7.0,0,0,0,0,0,0,0
"T[8,5,0,2,2]",13.0,0,0,0,0,0,0,0
"T[8,5,0,2,3]",4.0,0,0,0,0,0,0,0
"T[8,5,1,1,0]",5.0,0,0,0,0,0,0,0
"T[8,5,1,1,3]",1.0,0,0,0,0,0,0,0
"T[8,5,2,2,0]",1.0,0,0,0,0,0,0,0
"T[8,5,2,2,1]",1.0,0,0,0,0,0,0,0
"T[8,5,2,2,3]",1.0,0,0,0,0,0,0,0
"T[8,5,3,2,1]",3.0,0,0,0,0,0,0,0
"T[8,6,0,1,2]",13.0,0,0,0,0,0,0,0
"T[8,6,1,2,0]",2.0,0,0,0,0,0,0,0
"T[8,6,2,1,0]",6.0,0,0,0,0,0,0,0
"T[8,6,2,1,1]",10.0,0,0,0,0,0,0,0
"T[8,6,2,1,2]",16.0,0,0,0,0,0,0,0
"T[8,6,2,1,3]",3.0,0,0,0,0,0,0,0
"T[8,6,3,2,1]",2.0,0,0,0,0,0,0,0
"T[8,7,0,2,1]",2.0,0,0,0,0,0,0,0
"T[8,7,0,2,2]",4.0,0,0,0,0,0,0,0
"T[8,7,1,2,0]",5.0,0,0,0,0,0,0,0
"T[8,7,1,2,1]",11.0,0,0,0,0,0,0,0
"T[8,7,1,2,3]",1.0,0,0,0,0,0,0,0
"T[8,7,2,1,1]",28.0,0,0,0,0,0,0,0
"T[8,7,3,1,2]",1.0,0,0,0,0,0,0,0
"T[8,7,3,4,0]",1.0,0,0,0,0,0,0,0
"T[8,8,0,2,0]",1.0,0,0,0,0,0,0,0
"T[8,8,0,2,1]",5.0,0,0,0,0,0,0,0
"T[8,8,1,2,0]",2.0,0,0,0,0,0,0,0
"T[8,8,1,2,1]",5.0,0,0,0,0,0,0,0
"T[8,8,1,2,2]",9.0,0,0,0,0,0,0,0
"T[8,8,2,1,0]",9.0,0,0,0,0,0,0,0
"T[8,8,2,2,0]",20.0,0,0,0,0,0,0,0
"T[8,8,2,2,2]",1.0,0,0,0,0,0,0,0
"T[8,8,3,1,1]",3.0,0,0,0,0,0,0,0
"T[8,8,3,3,3]",1.0,0,0,0,0,0,0,0
"T[9,1,0,1,1]",4.0,0,0,0,0,0,0,0
"T[9,2,0,1,2]",1.0,0,0,0,0,0,0,0
"T[9,2,0,1,3]",5.0,0,0,0,0,0,0,0
"T[9,5,0,1,1]",4.0,0,0,0,0,0,0,0
"T[9,5,0,1,2]",3.0,0,0,0,0,0,0,0
"T[9,5,0,2,0]",1.0,0,0,0,0,0,0,0
"T[9,5,0,2,1]",1.0,0,0,0,0,0,0,0
"T[9,5,0,2,2]",21.0,0,0,0,0,0,0,0
"T[9,5,0,2,3]",1.0,0,0,0,0,0,0,0
"T[9,6,0,1,0]",2.0,0,0,0,0,0,0,0
"T[9,6,0,1,1]",11.0,0,0,0,0,0,0,0
"T[9,6,1,2,0]",2.0,0,0,0,0,0,0,0
"T[9,6,2,1,0]",32.0,0,0,0,0,0,0,0
"T[9,6,2,1,1]",1.0,0,0,0,0,0,0,0
"T[9,6,2,1,2]",1.0,0,0,0,0,0,0,0
"T[9,7,0,2,0]",2.0,0,0,0,0,0,0,0
"T[9,7,0,2,1]",4.0,0,0,0,0,0,0,0
"T[9,7,1,2,1]",5.0,0,0,0,0,0,0,0
"T[9,7,1,2,2]",10.0,0,0,0,0,0,0,0
"T[9,7,1,2,3]",2.0,0,0,0,0,0,0,0
"T[9,7,2,1,0]",5.0,0,0,0,0,0,0,0
"T[9,7,2,1,1]",14.0,0,0,0,0,0,0,0
"T[9,7,2,1,2]",6.0,0,0,0,0,0,0,0
"T[9,7,2,1,3]",3.0,0,0,0,0,0,0,0
"T[9,7,3,1,1]",1.0,0,0,0,0,0,0,0
"T[9,7,3,4,0]",1.0,0,0,0,0,0,0,0
"T[9,8,0,2,0]",6.0,0,0,0,0,0,0,0
"T[9,8,1,2,0]",5.0,0,0,0,0,0,0,0
"T[9,8,1,2,1]",11.0,0,0,0,0,0,0,0
"T[9,8,2,1,1]",5.0,0,0,0,0,0,0,0
"T[9,8,2,1,2]",4.0,0,0,0,0,0,0,0
"T[9,8,2,2,0]",1.0,0,0,0,0,0,0,0
"T[9,8,2,2,1]",20.0,0,0,0,0,0,0,0
"T[9,8,3,1,1]",1.0,0,0,0,0,0,0,0
"T[9,8,3,1,2]",2.0,0,0,0,0,0,0,0
"T[9,8,3,3,3]",1.0,0,0,0,0,0,0,0
"T[9,9,0,2,1]",10.0,0,0,0,0,0,0,0
"T[9,9,0,2,2]",24.0,0,0,0,0,0,0,0
"T[9,9,1,2,0]",5.0,0,0,0,0,0,0,0
"T[9,9,1,2,1]",1.0,0,0,0,0,0,0,0
"T[9,9,2,2,2]",7.0,0,0,0,0,0,0,0
"T[9,9,2,2,3]",1.0,0,0,0,0,0,0,0
"T[9,9,3,1,1]",7.0,0,0,0,0,0,0,0
"T[10,2,0,1,0]",1.0,0,0,0,0,0,0,0
"T[10,2,0,1,2]",5.0,0,0,0,0,0,0,0
"T[10,5,0,1,3]",1.0,0,0,0,0,0,0,0
"T[10,6,0,1,0]",3.0,0,0,0,0,0,0,0
"T[10,6,0,1,2]",10.0,0,0,0,0,0,0,0
"T[10,6,1,2,0]",1.0,0,0,0,0,0,0,0
"T[10,6,2,1,0]",16.0,0,0,0,0,0,0,0
"T[10,6,2,1,2]",4.0,0,0,0,0,0,0,0
"T[10,7,0,2,0]",6.0,0,0,0,0,0,0,0
"T[10,7,1,2,0]",11.0,0,0,0,0,0,0,0
"T[10,7,1,2,1]",3.0,0,0,0,0,0,0,0
"T[10,7,1,2,2]",3.0,0,0,0,0,0,0,0
"T[10,7,2,1,0]",22.0,0,0,0,0,0,0,0
"T[10,7,2,1,1]",2.0,0,0,0,0,0,0,0
"T[10,7,2,1,2]",4.0,0,0,0,0,0,0,0
"T[10,7,3,4,0]",1.0,0,0,0,0,0,0,0
"T[10,8,0,2,3]",6.0,0,0,0,0,0,0,0
"T[10,8,1,2,1]",9.0,0,0,0,0,0,0,0
"T[10,8,1,2,2]",7.0,0,0,0,0,0,0,0
"T[10,8,2,1,1]",1.0,0,0,0,0,0,0,0
"T[10,8,2,1,2]",8.0,0,0,0,0,0,0,0
"T[10,8,2,2,1]",17.0,0,0,0,0,0,0,0
"T[10,8,2,2,3]",4.0,0,0,0,0,0,0,0
"T[10,8,3,1,1]",1.0,0,0,0,0,0,0,0
"T[10,8,3,1,2]",2.0,0,0,0,0,0,0,0
"T[10,8,3,3,3]",1.0,0,0,0,0,0,0,0
"T[10,9,0,2,0]",2.0,0,0,0,0,0,0,0
"T[10,9,0,2,1]",32.0,0,0,0,0,0,0,0
"T[10,9,1,2,0]",1.0,0,0,0,0,0,0,0
"T[10,9,1,2,1]",3.0,0,0,0,0,0,0,0
"T[10,9,1,2,3]",2.0,0,0,0,0,0,0,0
"T[10,9,2,2,0]",1.0,0,0,0,0,0,0,0
"T[10,9,2,2,1]",5.0,0,0,0,0,0,0,0
"T[10,9,2,2,2]",2.0,0,0,0,0,0,0,0
"T[10,9,3,1,1]",7.0,0,0,0,0,0,0,0
"T[10,10,0,2,1]",5.0,0,0,0,0,0,0,0
"T[10,10,0,2,2]",28.0,0,0,0,0,0,0,0
"T[10,10,1,2,1]",2.0,0,0,0,0,0,0,0
"T[10,10,2,1,1]",16.0,0,0,0,0,0,0,0
"T[10,10,3,1,1]",1.0,0,0,0,0,0,0,0
"T[11,7,0,2,1]",3.0,0,0,0,0,0,0,0
"T[11,7,0,2,2]",3.0,0,0,0,0,0,0,0
"T[11,7,1,2,1]",13.0,0,0,0,0,0,0,0
"T[11,7,1,2,2]",4.0,0,0,0,0,0,0,0
"T[11,7,2,1,0]",27.0,0,0,0,0,0,0,0
"T[11,7,2,1,2]",1.0,0,0,0,0,0,0,0
"T[11,7,3,4,2]",1.0,0,0,0,0,0,0,0
"T[11,8,0,2,0]",1.0,0,0,0,0,0,0,0
"T[11,8,0,2,3]",4.0,0,0,0,0,0,0,0
"T[11,8,1,2,0]",13.0,0,0,0,0,0,0,0
"T[11,8,1,2,1]",1.0,0,0,0,0,0,0,0
"T[11,8,1,2,3]",2.0,0,0,0,0,0,0,0
"T[11,8,2,1,2]",8.0,0,0,0,0,0,0,0
"T[11,8,2,2,0]",1.0,0,0,0,0,0,0,0
"T[11,8,2,2,1]",17.0,0,0,0,0,0,0,0
"T[11,8,2,2,3]",3.0,0,0,0,0,0,0,0
"T[11,8,3,3,3]",1.0,0,0,0,0,0,0,0
"T[11,9,0,2,1]",32.0,0,0,0,0,0,0,0
"T[11,9,0,2,3]",2.0,0,0,0,0,0,0,0
"T[11,9,1,2,1]",4.0,0,0,0,0,0,0,0
"T[11,9,1,2,2]",2.0,0,0,0,0,0,0,0
"T[11,9,2,2,1]",7.0,0,0,0,0,0,0,0
"T[11,9,2,2,2]",1.0,0,0,0,0,0,0,0
"T[11,9,3,1,1]",1.0,0,0,0,0,0,0,0
"T[11,10,0,2,0]",10.0,0,0,0,0,0,0,0
"T[11,10,0,2,1]",1.0,0,0,0,0,0,0,0
"T[11,10,0,2,2]",22.0,0,0,0,0,0,0,0
"T[11,10,1,2,2]",2.0,0,0,0,0,0,0,0
"T[11,10,2,1,1]",15.0,0,0,0,0,0,0,0
"T[11,10,2,1,3]",1.0,0,0,0,0,0,0,0
"T[11,10,3,1,2]",1.0,0,0,0,0,0,0,0
"T[11,11,0,2,2]",19.0,0,0,0,0,0,0,0
"T[11,11,1,2,2]",2.0,0,0,0,0,0,0,0
"T[11,11,2,1,0]",11.0,0,0,0,0,0,0,0
"T[11,11,2,1,1]",4.0,0,0,0,0,0,0,0
"T[11,11,2,1,2]",9.0,0,0,0,0,0,0,0
"T[11,11,3,1,1]",8.0,0,0,0,0,0,0,0
"T[11,11,3,4,0]",1.0,0,0,0,0,0,0,0
"T[12,7,0,2,3]",5.0,0,0,0,0,0,0,0
"T[12,7,1,2,1]",16.0,0,0,0,0,0,0,0
"T[12,7,1,2,3]",1.0,0,0,0,0,0,0,0
"T[12,7,2,1,1]",28.0,0,0,0,0,0,0,0
"T[12,7,3,4,3]",1.0,0,0,0,0,0,0,0
"T[12,8,0,2,2]",6.0,0,0,0,0,0,0,0
"T[12,8,1,2,0]",5.0,0,0,0,0,0,0,0
"T[12,8,1,2,1]",3.0,0,0,0,0,0,0,0
"T[12,8,1,2,2]",8.0,0,0,0,0,0,0,0
"T[12,8,2,1,1]",1.0,0,0,0,0,0,0,0
"T[12,8,2,1,2]",7.0,0,0,0,0,0,0,0
"T[12,8,2,2,0]",21.0,0,0,0,0,0,0,0
"T[12,8,3,3,2]",1.0,0,0,0,0,0,0,0
"T[12,9,0,2,0]",6.0,0,0,0,0,0,0,0
"T[12,9,0,2,1]",18.0,0,0,0,0,0,0,0
"T[12,9,0,2,2]",10.0,0,0,0,0,0,0,0
"T[12,9,1,2,0]",6.0,0,0,0,0,0,0,0
"T[12,9,2,2,1]",8.0,0,0,0,0,0,0,0
"T[12,10,0,2,0]",5.0,0,0,0,0,0,0,0
"T[12,10,0,2,2]",27.0,0,0,0,0,0,0,0
"T[12,10,0,2,3]",1.0,0,0,0,0,0,0,0
"T[12,10,1,2,0]",2.0,0,0,0,0,0,0,0
"T[12,11,0,2,1]",19.0,0,0,0,0,0,0,0
"T[12,11,1,2,2]",1.0,0,0,0,0,0,0,0
"T[12,11,1,2,3]",1.0,0,0,0,0,0,0,0
"T[12,11,2,1,0]",1.0,0,0,0,0,0,0,0
"T[12,12,0,2,2]",1.0,0,0,0,0,0,0,0
"T[12,12,1,2,2]",1.0,0,0,0,0,0,0,0
"T[12,12,2,1,0]",17.0,0,0,0,0,0,0,0
"T[12,12,2,1,1]",7.0,0,0,0,0,0,0,0
"T[12,12,2,1,2]",9.0,0,0,0,0,0,0,0
"T[12,12,2,3,0]",1.0,0,0,0,0,0,0,0
"T[12,12,2,3,1]",1.0,0,0,0,0,0,0,0
"T[12,12,2,3,2]",3.0,0,0,0,0,0,0,0
"T[12,12,2,3,3]",4.0,0,0,0,0,0,0,0
"T[12,12,3,1,1]",6.0,0,0,0,0,0,0,0
"T[12,12,3,2,1]",4.0,0,0,0,0,0,0,0
"T[12,12,3,2,2]",1.0,0,0,0,0,0,0,0
"T[12,12,3,3,0]",1.0,0,0,0,0,0,0,0
"T[13,7,0,2,2]",4.0,0,0,0,0,0,0,0
"T[13,7,0,2,3]",1.0,0,0,0,0,0,0,0
"T[13,7,1,2,0]",5.0,0,0,0,0,0,0,0
"T[13,7,1,2,1]",11.0,0,0,0,0,0,0,0
"T[13,7,1,2,3]",1.0,0,0,0,0,0,0,0
"T[13,7,2,1,0]",14.0,0,0,0,0,0,0,0
"T[13,7,2,1,1]",12.0,0,0,0,0,0,0,0
"T[13,7,2,1,2]",2.0,0,0,0,0,0,0,0
"T[13,7,3,4,3]",1.0,0,0,0,0,0,0,0
"T[13,8,0,2,0]",6.0,0,0,0,0,0,0,0
"T[13,8,1,2,0]",6.0,0,0,0,0,0,0,0
"T[13,8,1,2,2]",10.0,0,0,0,0,0,0,0
"T[13,8,2,1,2]",8.0,0,0,0,0,0,0,0
"T[13,8,2,2,0]",15.0,0,0,0,0,0,0,0
"T[13,8,2,2,1]",3.0,0,0,0,0,0,0,0
"T[13,8,2,2,2]",3.0,0,0,0,0,0,0,0
"T[13,8,3,3,0]",1.0,0,0,0,0,0,0,0
"T[13,9,0,2,1]",5.0,0,0,0,0,0,0,0
"T[13,9,0,2,2]",29.0,0,0,0,0,0,0,0
"T[13,9,1,2,1]",5.0,0,0,0,0,0,0,0
"T[13,9,1,2,2]",1.0,0,0,0,0,0,0,0
"T[13,9,2,2,0]",3.0,0,0,0,0,0,0,0
"T[13,9,2,2,1]",3.0,0,0,0,0,0,0,0
"T[13,9,2,2,3]",2.0,0,0,0,0,0,0,0
"T[13,10,0,2,1]",33.0,0,0,0,0,0,0,0
"T[13,10,1,2,0]",1.0,0,0,0,0,0,0,0
"T[13,10,1,2,1]",1.0,0,0,0,0,0,0,0
"T[13,11,0,2,0]",5.0,0,0,0,0,0,0,0
"T[13,11,0,2,2]",9.0,0,0,0,0,0,0,0
"T[13,11,0,2,3]",5.0,0,0,0,0,0,0,0
"T[13,11,1,2,1]",2.0,0,0,0,0,0,0,0
"T[13,12,0,2,0]",1.0,0,0,0,0,0,0,0
"T[13,12,1,2,3]",1.0,0,0,0,0,0,0,0
"T[13,12,2,3,0]",1.0,0,0,0,0,0,0,0
"T[13,12,2,3,1]",1.0,0,0,0,0,0,0,0
"T[13,12,2,3,2]",6.0,0,0,0,0,0,0,0
"T[13,12,2,3,3]",1.0,0,0,0,0,0,0,0
"T[13,13,0,2,2]",4.0,0,0,0,0,0,0,0
"T[13,13,1,2,0]",2.0,0,0,0,0,0,0,0
"T[13,13,2,1,1]",26.0,0,0,0,0,0,0,0
"T[13,13,2,2,0]",8.0,0,0,0,0,0,0,0
"T[13,13,2,2,3]",1.0,0,0,0,0,0,0,0
"T[13,13,3,1,2]",1.0,0,0,0,0,0,0,0
"T[13,13,3,2,1]",10.0,0,0,0,0,0,0,0
"T[13,13,3,4,2]",1.0,0,0,0,0,0,0,0
"T[14,7,0,2,0]",5.0,0,0,0,0,0,0,0
"T[14,7,1,2,0]",10.0,0,0,0,0,0,0,0
"T[14,7,1,2,1]",3.0,0,0,0,0,0,0,0
"T[14,7,1,2,2]",4.0,0,0,0,0,0,0,0
"T[14,7,2,1,0]",19.0,0,0,0,0,0,0,0
"T[14,7,2,1,1]",9.0,0,0,0,0,0,0,0
"T[14,7,3,4,3]",1.0,0,0,0,0,0,0,0
"T[14,8,0,2,0]",2.0,0,0,0,0,0,0,0
"T[14,8,0,2,2]",4.0,0,0,0,0,0,0,0
"T[14,8,1,2,0]",1.0,0,0,0,0,0,0,0
"T[14,8,1,2,1]",11.0,0,0,0,0,0,0,0
"T[14,8,1,2,2]",4.0,0,0,0,0,0,0,0
"T[14,8,2,1,1]",3.0,0,0,0,0,0,0,0
"T[14,8,2,1,2]",5.0,0,0,0,0,0,0,0
"T[14,8,2,2,0]",10.0,0,0,0,0,0,0,0
"T[14,8,2,2,1]",10.0,0,0,0,0,0,0,0
"T[14,8,2,2,3]",1.0,0,0,0,0,0,0,0
"T[14,8,3,3,0]",1.0,0,0,0,0,0,0,0
"T[14,9,0,2,2]",34.0,0,0,0,0,0,0,0
"T[14,9,1,2,0]",2.0,0,0,0,0,0,0,0
"T[14,9,1,2,1]",2.0,0,0,0,0,0,0,0
"T[14,9,1,2,2]",1.0,0,0,0,0,0,0,0
"T[14,9,1,2,3]",1.0,0,0,0,0,0,0,0
"T[14,9,2,2,2]",8.0,0,0,0,0,0,0,0
"T[14,10,0,2,0]",5.0,0,0,0,0,0,0,0
"T[14,10,0,2,1]",27.0,0,0,0,0,0,0,0
"T[14,10,0,2,3]",1.0,0,0,0,0,0,0,0
"T[14,10,1,2,1]",2.0,0,0,0,0,0,0,0
"T[14,11,0,2,1]",11.0,0,0,0,0,0,0,0
"T[14,11,0,2,2]",8.0,0,0,0,0,0,0,0
"T[14,11,1,2,2]",2.0,0,0,0,0,0,0,0
"T[14,12,0,2,3]",1.0,0,0,0,0,0,0,0
"T[14,12,1,2,3]",1.0,0,0,0,0,0,0,0
"T[14,12,2,3,0]",2.0,0,0,0,0,0,0,0
"T[14,12,2,3,1]",5.0,0,0,0,0,0,0,0
"T[14,12,2,3,3]",2.0,0,0,0,0,0,0,0
"T[14,13,0,2,3]",4.0,0,0,0,0,0,0,0
"T[14,14,0,2,1]",1.0,0,0,0,0,0,0,0
"T[14,14,0,2,3]",1.0,0,0,0,0,0,0,0
"T[14,14,1,2,1]",2.0,0,0,0,0,0,0,0
"T[14,14,1,4,0]",1.0,0,0,0,0,0,0,0
"T[14,14,2,1,0]",12.0,0,0,0,0,0,0,0
"T[14,14,2,1,3]",1.0,0,0,0,0,0,0,0
"T[14,14,2,2,1]",18.0,0,0,0,0,0,0,0
"T[14,14,2,2,2]",6.0,0,0,0,0,0,0,0
"T[14,14,2,2,3]",1.0,0,0,0,0,0,0,0
"T[14,14,3,2,1]",10.0,0,0,0,0,0,0,0
"T[14,14,3,2,2]",1.0,0,0,0,0,0,0,0
"T[14,14,3,4,2]",1.0,0,0,0,0,0,0,0
"T[15,7,0,2,1]",5.0,0,0,0,0,0,0,0
"T[15,7,1,2,0]",8.0,0,0,0,0,0,0,0
"T[15,7,1,2,1]",9.0,0,0,0,0,0,0,0
"T[15,7,2,1,0]",5.0,0,0,0,0,0,0,0
"T[15,7,2,1,1]",23.0,0,0,0,0,0,0,0
"T[15,7,3,4,3]",1.0,0,0,0,0,0,0,0
"T[15,8,0,2,2]",6.0,0,0,0,0,0,0,0
"T[15,8,1,2,1]",11.0,0,0,0,0,0,0,0
"T[15,8,1,2,2]",5.0,0,0,0,0,0,0,0
"T[15,8,2,1,1]",1.0,0,0,0,0,0,0,0
"T[15,8,2,1,2]",5.0,0,0,0,0,0,0,0
"T[15,8,2,1,3]",2.0,0,0,0,0,0,0,0
"T[15,8,2,2,1]",19.0,0,0,0,0,0,0,0
"T[15,8,2,2,2]",2.0,0,0,0,0,0,0,0
"T[15,8,3,3,0]",1.0,0,0,0,0,0,0,0
"T[15,9,0,2,0]",6.0,0,0,0,0,0,0,0
"T[15,9,0,2,1]",14.0,0,0,0,0,0,0,0
"T[15,9,0,2,2]",10.0,0,0,0,0,0,0,0
"T[15,9,0,2,3]",4.0,0,0,0,0,0,0,0
"T[15,9,1,2,2]",6.0,0,0,0,0,0,0,0
"T[15,9,2,2,2]",6.0,0,0,0,0,0,0,0
"T[15,9,2,2,3]",2.0,0,0,0,0,0,0,0
"T[15,10,0,2,0]",2.0,0,0,0,0,0,0,0
"T[15,10,0,2,2]",31.0,0,0,0,0,0,0,0
"T[15,10,1,2,0]",2.0,0,0,0,0,0,0,0
"T[15,11,0,2,1]",19.0,0,0,0,0,0,0,0
"T[15,11,1,2,0]",2.0,0,0,0,0,0,0,0
"T[15,12,0,2,1]",1.0,0,0,0,0,0,0,0
"T[15,12,1,2,0]",1.0,0,0,0,0,0,0,0
"T[15,12,2,3,0]",4.0,0,0,0,0,0,0,0
"T[15,12,2,3,1]",3.0,0,0,0,0,0,0,0
"T[15,12,2,3,2]",1.0,0,0,0,0,0,0,0
"T[15,12,2,3,3]",1.0,0,0,0,0,0,0,0
"T[15,13,0,2,0]",4.0,0,0,0,0,0,0,0
"T[15,14,0,2,3]",2.0,0,0,0,0,0,0,0
"T[15,15,0,3,0]",1.0,0,0,0,0,0,0,0
"T[15,15,0,3,1]",1.0,0,0,0,0,0,0,0
"T[15,15,0,3,2]",1.0,0,0,0,0,0,0,0
"T[15,15,0,3,3]",1.0,0,0,0,0,0,0,0
"T[15,15,1,1,3]",1.0,0,0,0,0,0,0,0
"T[15,15,1,2,3]",1.0,0,0,0,0,0,0,0
"T[15,15,1,3,0]",1.0,0,0,0,0,0,0,0
"T[15,15,1,3,1]",1.0,0,0,0,0,0,0,0
"T[15,15,1,3,2]",1.0,0,0,0,0,0,0,0
"T[15,15,2,2,0]",36.0,0,0,0,0,0,0,0
"T[15,15,2,2,2]",6.0,0,0,0,0,0,0,0
"T[15,15,3,2,1]",10.0,0,0,0,0,0,0,0
"T[15,15,3,2,2]",1.0,0,0,0,0,0,0,0
"T[15,15,3,3,2]",1.0,0,0,0,0,0,0,0
"F[0,0,0,1]",72.0,0,0,0,0,0,0,0
"F[0,0,0,4]",1.0,0,0,0,0,0,0,0
"F[0,0,1,1]",30.0,0,0,0,0,0,0,0
"F[0,0,1,4]",4.0,0,0,0,0,0,0,0
"F[0,0,2,1]",80.0,0,0,0,0,0,0,0
"F[0,0,2,4]",1.0,0,0,0,0,0,0,0
"F[0,0,3,1]",7.0,0,0,0,0,0,0,0
"F[0,0,3,4]",4.0,0,0,0,0,0,0,0
"F[1,0,0,1]",60.0,0,0,0,0,0,0,0
"F[1,0,0,4]",1.0,0,0,0,0,0,0,0
"F[1,0,1,1]",27.0,0,0,0,0,0,0,0
"F[1,0,1,4]",2.0,0,0,0,0,0,0,0
"F[1,0,2,1]",60.0,0,0,0,0,0,0,0
"F[1,0,2,4]",1.0,0,0,0,0,0,0,0
"F[1,0,3,1]",5.0,0,0,0,0,0,0,0
"F[1,0,3,4]",4.0,0,0,0,0,0,0,0
"F[1,1,0,1]",13.0,0,0,0,0,0,0,0
"F[1,1,1,1]",5.0,0,0,0,0,0,0,0
"F[1,1,2,1]",22.0,0,0,0,0,0,0,0
"F[1,1,3,1]",2.0,0,0,0,0,0,0,0
"F[2,0,0,1]",58.0,0,0,0,0,0,0,0
"F[2,0,1,1]",27.0,0,0,0,0,0,0,0
"F[2,0,1,4]",2.0,0,0,0,0,0,0,0
"F[2,0,2,1]",30.0,0,0,0,0,0,0,0
"F[2,0,2,4]",1.0,0,0,0,0,0,0,0
"F[2,0,3,4]",3.0,0,0,0,0,0,0,0
"F[2,1,0,1]",13.0,0,0,0,0,0,0,0
"F[2,1,1,1]",5.0,0,0,0,0,0,0,0
"F[2,1,2,1]",22.0,0,0,0,0,0,0,0
"F[2,1,3,1]",1.0,0,0,0,0,0,0,0
"F[2,2,0,1]",6.0,0,0,0,0,0,0,0
"F[2,2,1,1]",1.0,0,0,0,0,0,0,0
"F[2,2,2,1]",31.0,0,0,0,0,0,0,0
"F[2,2,3,1]",7.0,0,0,0,0,0,0,0
"F[3,0,0,1]",58.0,0,0,0,0,0,0,0
"F[3,0,1,1]",12.0,0,0,0,0,0,0,0
"F[3,0,1,4]",1.0,0,0,0,0,0,0,0
"F[3,0,2,1]",6.0,0,0,0,0,0,0,0
"F[3,0,2,4]",1.0,0,0,0,0,0,0,0
"F[3,0,3,4]",2.0,0,0,0,0,0,0,0
"F[3,1,0,1]",13.0,0,0,0,0,0,0,0
"F[3,1,1,1]",5.0,0,0,0,0,0,0,0
"F[3,1,2,1]",22.0,0,0,0,0,0,0,0
"F[3,1,3,1]",1.0,0,0,0,0,0,0,0
"F[3,2,0,1]",6.0,0,0,0,0,0,0,0
"F[3,2,1,1]",1.0,0,0,0,0,0,0,0
"F[3,2,2,1]",31.0,0,0,0,0,0,0,0
"F[3,2,3,1]",7.0,0,0,0,0,0,0,0
"F[3,3,0,1]",1.0,0,0,0,0,0,0,0
"F[3,3,1,1]",16.0,0,0,0,0,0,0,0
"F[3,3,2,1]",27.0,0,0,0,0,0,0,0
"F[3,3,3,4]",1.0,0,0,0,0,0,0,0
"F[4,0,0,1]",58.0,0,0,0,0,0,0,0
"F[4,0,2,4]",1.0,0,0,0,0,0,0,0
"F[4,1,0,1]",13.0,0,0,0,0,0,0,0
"F[4,1,1,1]",4.0,0,0,0,0,0,0,0
"F[4,1,2,1]",2.0,0,0,0,0,0,0,0
"F[4,1,3,1]",1.0,0,0,0,0,0,0,0
"F[4,2,0,1]",6.0,0,0,0,0,0,0,0
"F[4,2,1,1]",1.0,0,0,0,0,0,0,0
"F[4,2,2,1]",31.0,0,0,0,0,0,0,0
"F[4,2,3,1]",7.0,0,0,0,0,0,0,0
"F[4,3,0,1]",1.0,0,0,0,0,0,0,0
"F[4,3,1,1]",16.0,0,0,0,0,0,0,0
"F[4,3,2,1]",27.0,0,0,0,0,0,0,0
"F[4,3,3,4]",1.0,0,0,0,0,0,0,0
"F[4,4,0,2]",4.0,0,0,0,0,0,0,0
"F[4,4,1,1]",5.0,0,0,0,0,0,0,0
"F[4,4,1,2]",10.0,0,0,0,0,0,0,0
"F[4,4,2,1]",28.0,0,0,0,0,0,0,0
"F[4,4,3,2]",2.0,0,0,0,0,0,0,0
"F[4,4,3,4]",1.0,0,0,0,0,0,0,0
"F[5,0,0,1]",30.0,0,0,0,0,0,0,0
"F[5,1,0,1]",13.0,0,0,0,0,0,0,0
"F[5,2,0,1]",6.0,0,0,0,0,0,0,0
"F[5,2,2,1]",30.0,0,0,0,0,0,0,0
"F[5,2,3,1]",2.0,0,0,0,0,0,0,0
"F[5,3,0,1]",1.0,0,0,0,0,0,0,0
"F[5,3,1,1]",16.0,0,0,0,0,0,0,0
"F[5,3,2,1]",27.0,0,0,0,0,0,0,0
"F[5,3,3,4]",1.0,0,0,0,0,0,0,0
"F[5,4,0,2]",4.0,0,0,0,0,0,0,0
"F[5,4,1,1]",5.0,0,0,0,0,0,0,0
"F[5,4,1,2]",10.0,0,0,0,0,0,0,0
"F[5,4,2,1]",28.0,0,0,0,0,0,0,0
"F[5,4,3,2]",2.0,0,0,0,0,0,0,0
"F[5,4,3,4]",1.0,0,0,0,0,0,0,0
"F[5,5,0,1]",7.0,0,0,0,0,0,0,0
"F[5,5,0,2]",24.0,0,0,0,0,0,0,0
"F[5,5,1,1]",6.0,0,0,0,0,0,0,0
"F[5,5,2,2]",6.0,0,0,0,0,0,0,0
"F[5,5,3,2]",6.0,0,0,0,0,0,0,0
"F[6,0,0,1]",27.0,0,0,0,0,0,0,0
"F[6,1,0,1]",4.0,0,0,0,0,0,0,0
"F[6,2,0,1]",6.0,0,0,0,0,0,0,0
"F[6,3,0,1]",1.0,0,0,0,0,0,0,0
"F[6,3,1,1]",16.0,0,0,0,0,0,0,0
"F[6,3,2,1]",26.0,0,0,0,0,0,0,0
"F[6,3,3,4]",1.0,0,0,0,0,0,0,0
"F[6,4,0,2]",4.0,0,0,0,0,0,0,0
"F[6,4,1,1]",5.0,0,0,0,0,0,0,0
"F[6,4,1,2]",10.0,0,0,0,0,0,0,0
"F[6,4,2,1]",28.0,0,0,0,0,0,0,0
"F[6,4,3,2]",2.0,0,0,0,0,0,0,0
"F[6,4,3,4]",1.0,0,0,0,0,0,0,0
"F[6,5,0,1]",7.0,0,0,0,0,0,0,0
"F[6,5,0,2]",24.0,0,0,0,0,0,0,0
"F[6,5,1,1]",6.0,0,0,0,0,0,0,0
"F[6,5,2,2]",6.0,0,0,0,0,0,0,0
"F[6,5,3,2]",6.0,0,0,0,0,0,0,0
"F[6,6,0,1]",13.0,0,0,0,0,0,0,0
"F[6,6,1,2]",2.0,0,0,0,0,0,0,0
"F[6,6,2,1]",35.0,0,0,0,0,0,0,0
"F[6,6,3,2]",2.0,0,0,0,0,0,0,0
"F[7,0,0,1]",27.0,0,0,0,0,0,0,0
"F[7,1,0,1]",4.0,0,0,0,0,0,0,0
"F[7,2,0,1]",6.0,0,0,0,0,0,0,0
"F[7,3,0,1]",1.0,0,0,0,0,0,0,0
"F[7,3,3,4]",1.0,0,0,0,0,0,0,0
"F[7,4,0,2]",4.0,0,0,0,0,0,0,0
"F[7,4,1,1]",5.0,0,0,0,0,0,0,0
"F[7,4,1,2]",10.0,0,0,0,0,0,0,0
"F[7,4,2,1]",26.0,0,0,0,0,0,0,0
"F[7,4,3,4]",1.0,0,0,0,0,0,0,0
"F[7,5,0,1]",7.0,0,0,0,0,0,0,0
"F[7,5,0,2]",24.0,0,0,0,0,0,0,0
"F[7,5,1,1]",6.0,0,0,0,0,0,0,0
"F[7,5,2,2]",6.0,0,0,0,0,0,0,0
"F[7,5,3,2]",6.0,0,0,0,0,0,0,0
"F[7,6,0,1]",13.0,0,0,0,0,0,0,0
"F[7,6,1,2]",2.0,0,0,0,0,0,0,0
"F[7,6,2,1]",35.0,0,0,0,0,0,0,0
"F[7,6,3,2]",2.0,0,0,0,0,0,0,0
"F[7,7,0,2]",6.0,0,0,0,0,0,0,0
"F[7,7,0,3]",1.0,0,0,0,0,0,0,0
"F[7,7,1,2]",17.0,0,0,0,0,0,0,0
"F[7,7,2,1]",28.0,0,0,0,0,0,0,0
"F[7,7,3,1]",1.0,0,0,0,0,0,0,0
"F[7,7,3,4]",1.0,0,0,0,0,0,0,0
"F[8,0,0,1]",27.0,0,0,0,0,0,0,0
"F[8,1,0,1]",4.0,0,0,0,0,0,0,0
"F[8,2,0,1]",6.0,0,0,0,0,0,0,0
"F[8,3,0,1]",1.0,0,0,0,0,0,0,0
"F[8,4,0,2]",4.0,0,0,0,0,0,0,0
"F[8,4,3,4]",1.0,0,0,0,0,0,0,0
"F[8,5,0,1]",7.0,0,0,0,0,0,0,0
"F[8,5,0,2]",24.0,0,0,0,0,0,0,0
"F[8,5,1,1]",6.0,0,0,0,0,0,0,0
"F[8,5,2,2]",3.0,0,0,0,0,0,0,0
"F[8,5,3,2]",3.0,0,0,0,0,0,0,0
"F[8,6,0,1]",13.0,0,0,0,0,0,0,0
"F[8,6,1,2]",2.0,0,0,0,0,0,0,0
"F[8,6,2,1]",35.0,0,0,0,0,0,0,0
"F[8,6,3,2]",2.0,0,0,0,0,0,0,0
"F[8,7,0,2]",6.0,0,0,0,0,0,0,0
"F[8,7,0,3]",1.0,0,0,0,0,0,0,0
"F[8,7,1,2]",17.0,0,0,0,0,0,0,0
"F[8,7,2,1]",28.0,0,0,0,0,0,0,0
"F[8,7,3,1]",1.0,0,0,0,0,0,0,0
"F[8,7,3,4]",1.0,0,0,0,0,0,0,0
"F[8,8,0,2]",6.0,0,0,0,0,0,0,0
"F[8,8,1,2]",16.0,0,0,0,0,0,0,0
"F[8,8,2,1]",9.0,0,0,0,0,0,0,0
"F[8,8,2,2]",21.0,0,0,0,0,0,0,0
"F[8,8,3,1]",3.0,0,0,0,0,0,0,0
"F[8,8,3,3]",1.0,0,0,0,0,0,0,0
"F[9,1,0,1]",4.0,0,0,0,0,0,0,0
"F[9,2,0,1]",6.0,0,0,0,0,0,0,0
"F[9,5,0,1]",7.0,0,0,0,0,0,0,0
"F[9,5,0,2]",24.0,0,0,0,0,0,0,0
"F[9,6,0,1]",13.0,0,0,0,0,0,0,0
"F[9,6,1,2]",2.0,0,0,0,0,0,0,0
"F[9,6,2,1]",34.0,0,0,0,0,0,0,0
"F[9,7,0,2]",6.0,0,0,0,0,0,0,0
"F[9,7,1,2]",17.0,0,0,0,0,0,0,0
"F[9,7,2,1]",28.0,0,0,0,0,0,0,0
"F[9,7,3,1]",1.0,0,0,0,0,0,0,0
"F[9,7,3,4]",1.0,0,0,0,0,0,0,0
"F[9,8,0,2]",6.0,0,0,0,0,0,0,0
"F[9,8,1,2]",16.0,0,0,0,0,0,0,0
"F[9,8,2,1]",9.0,0,0,0,0,0,0,0
"F[9,8,2,2]",21.0,0,0,0,0,0,0,0
"F[9,8,3,1]",3.0,0,0,0,0,0,0,0
"F[9,8,3,3]",1.0,0,0,0,0,0,0,0
"F[9,9,0,2]",34.0,0,0,0,0,0,0,0
"F[9,9,1,2]",6.0,0,0,0,0,0,0,0
"F[9,9,2,2]",8.0,0,0,0,0,0,0,0
"F[9,9,3,1]",7.0,0,0,0,0,0,0,0
"F[10,2,0,1]",6.0,0,0,0,0,0,0,0
"F[10,5,0,1]",1.0,0,0,0,0,0,0,0
"F[10,6,0,1]",13.0,0,0,0,0,0,0,0
"F[10,6,1,2]",1.0,0,0,0,0,0,0,0
"F[10,6,2,1]",20.0,0,0,0,0,0,0,0
"F[10,7,0,2]",6.0,0,0,0,0,0,0,0
"F[10,7,1,2]",17.0,0,0,0,0,0,0,0
"F[10,7,2,1]",28.0,0,0,0,0,0,0,0
"F[10,7,3,4]",1.0,0,0,0,0,0,0,0
"F[10,8,0,2]",6.0,0,0,0,0,0,0,0
"F[10,8,1,2]",16.0,0,0,0,0,0,0,0
"F[10,8,2,1]",9.0,0,0,0,0,0,0,0
"F[10,8,2,2]",21.0,0,0,0,0,0,0,0
"F[10,8,3,1]",3.0,0,0,0,0,0,0,0
"F[10,8,3,3]",1.0,0,0,0,0,0,0,0
"F[10,9,0,2]",34.0,0,0,0,0,0,0,0
"F[10,9,1,2]",6.0,0,0,0,0,0,0,0
"F[10,9,2,2]",8.0,0,0,0,0,0,0,0
"F[10,9,3,1]",7.0,0,0,0,0,0,0,0
"F[10,10,0,2]",33.0,0,0,0,0,0,0,0
"F[10,10,1,2]",2.0,0,0,0,0,0,0,0
"F[10,10,2,1]",16.0,0,0,0,0,0,0,0
"F[10,10,3,1]",1.0,0,0,0,0,0,0,0
"F[11,7,0,2]",6.0,0,0,0,0,0,0,0
"F[11,7,1,2]",17.0,0,0,0,0,0,0,0
"F[11,7,2,1]",28.0,0,0,0,0,0,0,0
"F[11,7,3,4]",1.0,0,0,0,0,0,0,0
"F[11,8,0,2]",6.0,0,0,0,0,0,0,0
"F[11,8,1,2]",16.0,0,0,0,0,0,0,0
"F[11,8,2,1]",8.0,0,0,0,0,0,0,0
"F[11,8,2,2]",21.0,0,0,0,0,0,0,0
"F[11,8,3,3]",1.0,0,0,0,0,0,0,0
"F[11,9,0,2]",34.0,0,0,0,0,0,0,0
"F[11,9,1,2]",6.0,0,0,0,0,0,0,0
"F[11,9,2,2]",8.0,0,0,0,0,0,0,0
"F[11,9,3,1]",1.0,0,0,0,0,0,0,0
"F[11,10,0,2]",33.0,0,0,0,0,0,0,0
"F[11,10,1,2]",2.0,0,0,0,0,0,0,0
"F[11,10,2,1]",16.0,0,0,0,0,0,0,0
"F[11,10,3,1]",1.0,0,0,0,0,0,0,0
"F[11,11,0,2]",19.0,0,0,0,0,0,0,0
"F[11,11,1,2]",2.0,0,0,0,0,0,0,0
"F[11,11,2,1]",24.0,0,0,0,0,0,0,0
"F[11,11,3,1]",8.0,0,0,0,0,0,0,0
"F[11,11,3,4]",1.0,0,0,0,0,0,0,0
"F[12,7,0,2]",5.0,0,0,0,0,0,0,0
"F[12,7,1,2]",17.0,0,0,0,0,0,0,0
"F[12,7,2,1]",28.0,0,0,0,0,0,0,0
"F[12,7,3,4]",1.0,0,0,0,0,0,0,0
"F[12,8,0,2]",6.0,0,0,0,0,0,0,0
"F[12,8,1,2]",16.0,0,0,0,0,0,0,0
"F[12,8,2,1]",8.0,0,0,0,0,0,0,0
"F[12,8,2,2]",21.0,0,0,0,0,0,0,0
"F[12,8,3,3]",1.0,0,0,0,0,0,0,0
"F[12,9,0,2]",34.0,0,0,0,0,0,0,0
"F[12,9,1,2]",6.0,0,0,0,0,0,0,0
"F[12,9,2,2]",8.0,0,0,0,0,0,0,0
"F[12,10,0,2]",33.0,0,0,0,0,0,0,0
"F[12,10,1,2]",2.0,0,0,0,0,0,0,0
"F[12,11,0,2]",19.0,0,0,0,0,0,0,0
"F[12,11,1,2]",2.0,0,0,0,0,0,0,0
"F[12,11,2,1]",1.0,0,0,0,0,0,0,0
"F[12,12,0,2]",1.0,0,0,0,0,0,0,0
"F[12,12,1,2]",1.0,0,0,0,0,0,0,0
"F[12,12,2,1]",33.0,0,0,0,0,0,0,0
"F[12,12,2,3]",9.0,0,0,0,0,0,0,0
"F[12,12,3,1]",6.0,0,0,0,0,0,0,0
"F[12,12,3,2]",5.0,0,0,0,0,0,0,0
"F[12,12,3,3]",1.0,0,0,0,0,0,0,0
"F[13,7,0,2]",5.0,0,0,0,0,0,0,0
"F[13,7,1,2]",17.0,0,0,0,0,0,0,0
"F[13,7,2,1]",28.0,0,0,0,0,0,0,0
"F[13,7,3,4]",1.0,0,0,0,0,0,0,0
"F[13,8,0,2]",6.0,0,0,0,0,0,0,0
"F[13,8,1,2]",16.0,0,0,0,0,0,0,0
"F[13,8,2,1]",8.0,0,0,0,0,0,0,0
"F[13,8,2,2]",21.0,0,0,0,0,0,0,0
"F[13,8,3,3]",1.0,0,0,0,0,0,0,0
"F[13,9,0,2]",34.0,0,0,0,0,0,0,0
"F[13,9,1,2]",6.0,0,0,0,0,0,0,0
"F[13,9,2,2]",8.0,0,0,0,0,0,0,0
"F[13,10,0,2]",33.0,0,0,0,0,0,0,0
"F[13,10,1,2]",2.0,0,0,0,0,0,0,0
"F[13,11,0,2]",19.0,0,0,0,0,0,0,0
"F[13,11,1,2]",2.0,0,0,0,0,0,0,0
"F[13,12,0,2]",1.0,0,0,0,0,0,0,0
"F[13,12,1,2]",1.0,0,0,0,0,0,0,0
"F[13,12,2,3]",9.0,0,0,0,0,0,0,0
"F[13,13,0,2]",4.0,0,0,0,0,0,0,0
"F[13,13,1,2]",2.0,0,0,0,0,0,0,0
"F[13,13,2,1]",26.0,0,0,0,0,0,0,0
"F[13,13,2,2]",9.0,0,0,0,0,0,0,0
"F[13,13,3,1]",1.0,0,0,0,0,0,0,0
"F[13,13,3,2]",10.0,0,0,0,0,0,0,0
"F[13,13,3,4]",1.0,0,0,0,0,0,0,0
"F[14,7,0,2]",5.0,0,0,0,0,0,0,0
"F[14,7,1,2]",17.0,0,0,0,0,0,0,0
"F[14,7,2,1]",28.0,0,0,0,0,0,0,0
"F[14,7,3,4]",1.0,0,0,0,0,0,0,0
"F[14,8,0,2]",6.0,0,0,0,0,0,0,0
"F[14,8,1,2]",16.0,0,0,0,0,0,0,0
"F[14,8,2,1]",8.0,0,0,0,0,0,0,0
"F[14,8,2,2]",21.0,0,0,0,0,0,0,0
"F[14,8,3,3]",1.0,0,0,0,0,0,0,0
"F[14,9,0,2]",34.0,0,0,0,0,0,0,0
"F[14,9,1,2]",6.0,0,0,0,0,0,0,0
"F[14,9,2,2]",8.0,0,0,0,0,0,0,0
"F[14,10,0,2]",33.0,0,0,0,0,0,0,0
"F[14,10,1,2]",2.0,0,0,0,0,0,0,0
"F[14,11,0,2]",19.0,0,0,0,0,0,0,0
"F[14,11,1,2]",2.0,0,0,0,0,0,0,0
"F[14,12,0,2]",1.0,0,0,0,0,0,0,0
"F[14,12,1,2]",1.0,0,0,0,0,0,0,0
"F[14,12,2,3]",9.0,0,0,0,0,0,0,0
"F[14,13,0,2]",4.0,0,0,0,0,0,0,0
"F[14,14,0,2]",2.0,0,0,0,0,0,0,0
"F[14,14,1,2]",2.0,0,0,0,0,0,0,0
"F[14,14,1,4]",1.0,0,0,0,0,0,0,0
"F[14,14,2,1]",13.0,0,0,0,0,0,0,0
"F[14,14,2,2]",25.0,0,0,0,0,0,0,0
"F[14,14,3,2]",11.0,0,0,0,0,0,0,0
"F[14,14,3,4]",1.0,0,0,0,0,0,0,0
"F[15,7,0,2]",5.0,0,0,0,0,0,0,0
"F[15,7,1,2]",17.0,0,0,0,0,0,0,0
"F[15,7,2,1]",28.0,0,0,0,0,0,0,0
"F[15,7,3,4]",1.0,0,0,0,0,0,0,0
"F[15,8,0,2]",6.0,0,0,0,0,0,0,0
"F[15,8,1,2]",16.0,0,0,0,0,0,0,0
"F[15,8,2,1]",8.0,0,0,0,0,0,0,0
"F[15,8,2,2]",21.0,0,0,0,0,0,0,0
"F[15,8,3,3]",1.0,0,0,0,0,0,0,0
"F[15,9,0,2]",34.0,0,0,0,0,0,0,0
"F[15,9,1,2]",6.0,0,0,0,0,0,0,0
"F[15,9,2,2]",8.0,0,0,0,0,0,0,0
"F[15,10,0,2]",33.0,0,0,0,0,0,0,0
"F[15,10,1,2]",2.0,0,0,0,0,0,0,0
"F[15,11,0,2]",19.0,0,0,0,0,0,0,0
"F[15,11,1,2]",2.0,0,0,0,0,0,0,0
"F[15,12,0,2]",1.0,0,0,0,0,0,0,0
"F[15,12,1,2]",1.0,0,0,0,0,0,0,0
"F[15,12,2,3]",9.0,0,0,0,0,0,0,0
"F[15,13,0,2]",4.0,0,0,0,0,0,0,0
"F[15,14,0,2]",2.0,0,0,0,0,0,0,0
"F[15,15,0,3]",4.0,0,0,0,0,0,0,0
"F[15,15,1,1]",1.0,0,0,0,0,0,0,0
"F[15,15,1,2]",1.0,0,0,0,0,0,0,0
"F[15,15,1,3]",3.0,0,0,0,0,0,0,0
"F[15,15,2,2]",42.0,0,0,0,0,0,0,0
"F[15,15,3,2]",11.0,0,0,0,0,0,0,0
"F[15,15,3,3]",1.0,0,0,0,0,0,0,0
