Year,ID,Num_Vehicles,Type,Fuel,Distance_bucket,Distance_per_vehicle(km),Size,p_year,Demand,Demand_id,age,T_val
2023,LNG_S1_2023,72,Buy,LNG,0,0.0,S1,2023,0.0,S1_0_2023,1,0
2023,Diesel_S1_2023,1,Buy,B20,0,0.0,S1,2023,0.0,S1_0_2023,1,0
2023,LNG_S2_2023,30,Buy,LNG,0,0.0,S2,2023,0.0,S2_0_2023,1,0
2023,LNG_S2_2023,1,Buy,BioLNG,0,0.0,S2,2023,0.0,S2_0_2023,1,0
2023,Diesel_S2_2023,3,Buy,B20,0,0.0,S2,2023,0.0,S2_0_2023,1,0
2023,LNG_S3_2023,78,Buy,LNG,0,0.0,S3,2023,0.0,S3_0_2023,1,0
2023,LNG_S3_2023,1,Buy,BioLNG,0,0.0,S3,2023,0.0,S3_0_2023,1,0
2023,Diesel_S3_2023,2,Buy,B20,0,0.0,S3,2023,0.0,S3_0_2023,1,0
2023,LNG_S4_2023,7,Buy,LNG,0,0.0,S4,2023,0.0,S4_0_2023,1,0
2023,Diesel_S4_2023,4,Buy,B20,0,0.0,S4,2023,0.0,S4_0_2023,1,0
2024,LNG_S1_2024,18,Buy,LNG,0,0.0,S1,2024,0.0,S1_0_2024,1,0
2024,LNG_S2_2024,9,Buy,LNG,0,0.0,S2,2024,0.0,S2_0_2024,1,0
2024,LNG_S3_2024,13,Buy,LNG,0,0.0,S3,2024,0.0,S3_0_2024,1,0
2024,LNG_S4_2024,2,Buy,LNG,0,0.0,S4,2024,0.0,S4_0_2024,1,0
2025,LNG_S1_2025,13,Buy,LNG,0,0.0,S1,2025,0.0,S1_0_2025,1,0
2025,LNG_S2_2025,1,Buy,LNG,0,0.0,S2,2025,0.0,S2_0_2025,1,0
2025,LNG_S3_2025,30,Buy,LNG,0,0.0,S3,2025,0.0,S3_0_2025,1,0
2026,LNG_S1_2026,9,Buy,LNG,0,0.0,S1,2026,0.0,S1_0_2026,1,0
2026,LNG_S2_2026,2,Buy,LNG,0,0.0,S2,2026,0.0,S2_0_2026,1,0
2026,LNG_S3_2026,25,Buy,LNG,0,0.0,S3,2026,0.0,S3_0_2026,1,0
2026,Diesel_S3_2026,1,Buy,HVO,0,0.0,S3,2026,0.0,S3_0_2026,1,0
2026,LNG_S4_2026,6,Buy,LNG,0,0.0,S4,2026,0.0,S4_0_2026,1,0
2026,Diesel_S4_2026,3,Buy,B20,0,0.0,S4,2026,0.0,S4_0_2026,1,0
2027,LNG_S1_2027,3,Buy,LNG,0,0.0,S1,2027,0.0,S1_0_2027,1,0
2027,LNG_S1_2027,3,Buy,BioLNG,0,0.0,S1,2027,0.0,S1_0_2027,1,0
2027,LNG_S2_2027,22,Buy,LNG,0,0.0,S2,2027,0.0,S2_0_2027,1,0
2027,LNG_S3_2027,18,Buy,LNG,0,0.0,S3,2027,0.0,S3_0_2027,1,0
2027,LNG_S4_2027,3,Buy,LNG,0,0.0,S4,2027,0.0,S4_0_2027,1,0
2028,LNG_S1_2028,22,Buy,BioLNG,0,0.0,S1,2028,0.0,S1_0_2028,1,0
2028,LNG_S2_2028,11,Buy,LNG,0,0.0,S2,2028,0.0,S2_0_2028,1,0
2028,LNG_S3_2028,11,Buy,LNG,0,0.0,S3,2028,0.0,S3_0_2028,1,0
2028,LNG_S3_2028,5,Buy,BioLNG,0,0.0,S3,2028,0.0,S3_0_2028,1,0
2028,Diesel_S3_2028,1,Buy,HVO,0,0.0,S3,2028,0.0,S3_0_2028,1,0
2029,LNG_S1_2029,10,Buy,BioLNG,0,0.0,S1,2029,0.0,S1_0_2029,1,0
2029,LNG_S2_2029,2,Buy,BioLNG,0,0.0,S2,2029,0.0,S2_0_2029,1,0
2029,LNG_S3_2029,25,Buy,LNG,0,0.0,S3,2029,0.0,S3_0_2029,1,0
2029,LNG_S3_2029,7,Buy,BioLNG,0,0.0,S3,2029,0.0,S3_0_2029,1,0
2029,LNG_S4_2029,2,Buy,LNG,0,0.0,S4,2029,0.0,S4_0_2029,1,0
2029,LNG_S4_2029,6,Buy,BioLNG,0,0.0,S4,2029,0.0,S4_0_2029,1,0
2030,LNG_S1_2030,19,Buy,BioLNG,0,0.0,S1,2030,0.0,S1_0_2030,1,0
2030,LNG_S2_2030,4,Buy,LNG,0,0.0,S2,2030,0.0,S2_0_2030,1,0
2030,LNG_S2_2030,1,Buy,BioLNG,0,0.0,S2,2030,0.0,S2_0_2030,1,0
2030,LNG_S3_2030,24,Buy,LNG,0,0.0,S3,2030,0.0,S3_0_2030,1,0
2030,LNG_S3_2030,2,Buy,BioLNG,0,0.0,S3,2030,0.0,S3_0_2030,1,0
2030,Diesel_S4_2030,1,Buy,B20,0,0.0,S4,2030,0.0,S4_0_2030,1,0
2031,LNG_S1_2031,1,Buy,BioLNG,0,0.0,S1,2031,0.0,S1_0_2031,1,0
2031,LNG_S2_2031,3,Buy,LNG,0,0.0,S2,2031,0.0,S2_0_2031,1,0
2031,LNG_S2_2031,20,Buy,BioLNG,0,0.0,S2,2031,0.0,S2_0_2031,1,0
2031,LNG_S3_2031,20,Buy,LNG,0,0.0,S3,2031,0.0,S3_0_2031,1,0
2031,LNG_S4_2031,2,Buy,LNG,0,0.0,S4,2031,0.0,S4_0_2031,1,0
2031,Diesel_S4_2031,1,Buy,B20,0,0.0,S4,2031,0.0,S4_0_2031,1,0
2032,LNG_S1_2032,19,Buy,BioLNG,0,0.0,S1,2032,0.0,S1_0_2032,1,0
2032,Diesel_S1_2032,1,Buy,HVO,0,0.0,S1,2032,0.0,S1_0_2032,1,0
2032,LNG_S2_2032,11,Buy,BioLNG,0,0.0,S2,2032,0.0,S2_0_2032,1,0
2032,LNG_S3_2032,22,Buy,LNG,0,0.0,S3,2032,0.0,S3_0_2032,1,0
2032,LNG_S3_2032,1,Buy,BioLNG,0,0.0,S3,2032,0.0,S3_0_2032,1,0
2032,LNG_S4_2032,6,Buy,LNG,0,0.0,S4,2032,0.0,S4_0_2032,1,0
2033,LNG_S1_2033,12,Buy,BioLNG,0,0.0,S1,2033,0.0,S1_0_2033,1,0
2033,LNG_S2_2033,3,Buy,BioLNG,0,0.0,S2,2033,0.0,S2_0_2033,1,0
2033,LNG_S3_2033,20,Buy,LNG,0,0.0,S3,2033,0.0,S3_0_2033,1,0
2033,LNG_S3_2033,14,Buy,BioLNG,0,0.0,S3,2033,0.0,S3_0_2033,1,0
2033,LNG_S4_2033,3,Buy,BioLNG,0,0.0,S4,2033,0.0,S4_0_2033,1,0
2034,LNG_S1_2034,21,Buy,BioLNG,0,0.0,S1,2034,0.0,S1_0_2034,1,0
2034,LNG_S2_2034,3,Buy,BioLNG,0,0.0,S2,2034,0.0,S2_0_2034,1,0
2034,LNG_S3_2034,22,Buy,LNG,0,0.0,S3,2034,0.0,S3_0_2034,1,0
2034,LNG_S3_2034,7,Buy,BioLNG,0,0.0,S3,2034,0.0,S3_0_2034,1,0
2034,LNG_S4_2034,3,Buy,BioLNG,0,0.0,S4,2034,0.0,S4_0_2034,1,0
2034,Diesel_S4_2034,2,Buy,HVO,0,0.0,S4,2034,0.0,S4_0_2034,1,0
2035,LNG_S1_2035,4,Buy,BioLNG,0,0.0,S1,2035,0.0,S1_0_2035,1,0
2035,LNG_S2_2035,26,Buy,BioLNG,0,0.0,S2,2035,0.0,S2_0_2035,1,0
2035,LNG_S3_2035,16,Buy,LNG,0,0.0,S3,2035,0.0,S3_0_2035,1,0
2035,LNG_S3_2035,6,Buy,BioLNG,0,0.0,S3,2035,0.0,S3_0_2035,1,0
2035,LNG_S4_2035,5,Buy,BioLNG,0,0.0,S4,2035,0.0,S4_0_2035,1,0
2036,LNG_S1_2036,24,Buy,BioLNG,0,0.0,S1,2036,0.0,S1_0_2036,1,0
2036,LNG_S2_2036,13,Buy,BioLNG,0,0.0,S2,2036,0.0,S2_0_2036,1,0
2036,LNG_S3_2036,6,Buy,LNG,0,0.0,S3,2036,0.0,S3_0_2036,1,0
2036,LNG_S3_2036,16,Buy,BioLNG,0,0.0,S3,2036,0.0,S3_0_2036,1,0
2037,LNG_S1_2037,13,Buy,BioLNG,0,0.0,S1,2037,0.0,S1_0_2037,1,0
2037,LNG_S2_2037,4,Buy,BioLNG,0,0.0,S2,2037,0.0,S2_0_2037,1,0
2037,LNG_S3_2037,7,Buy,LNG,0,0.0,S3,2037,0.0,S3_0_2037,1,0
2037,LNG_S3_2037,31,Buy,BioLNG,0,0.0,S3,2037,0.0,S3_0_2037,1,0
2037,Diesel_S3_2037,1,Buy,B20,0,0.0,S3,2037,0.0,S3_0_2037,1,0
2037,LNG_S4_2037,3,Buy,BioLNG,0,0.0,S4,2037,0.0,S4_0_2037,1,0
2037,Diesel_S4_2037,1,Buy,HVO,0,0.0,S4,2037,0.0,S4_0_2037,1,0
2038,LNG_S1_2038,16,Buy,BioLNG,0,0.0,S1,2038,0.0,S1_0_2038,1,0
2038,Diesel_S1_2038,1,Buy,HVO,0,0.0,S1,2038,0.0,S1_0_2038,1,0
2038,LNG_S2_2038,2,Buy,BioLNG,0,0.0,S2,2038,0.0,S2_0_2038,1,0
2038,Diesel_S2_2038,3,Buy,HVO,0,0.0,S2,2038,0.0,S2_0_2038,1,0
2038,LNG_S3_2038,8,Buy,LNG,0,0.0,S3,2038,0.0,S3_0_2038,1,0
2038,LNG_S3_2038,23,Buy,BioLNG,0,0.0,S3,2038,0.0,S3_0_2038,1,0
2038,Diesel_S3_2038,2,Buy,HVO,0,0.0,S3,2038,0.0,S3_0_2038,1,0
2038,LNG_S4_2038,8,Buy,BioLNG,0,0.0,S4,2038,0.0,S4_0_2038,1,0
2038,Diesel_S4_2038,2,Buy,HVO,0,0.0,S4,2038,0.0,S4_0_2038,1,0
2023,LNG_S1_2023,17,Sell,LNG,0,0.0,S1,2023,0.0,S1_0_2023,1,0
2023,LNG_S2_2023,8,Sell,LNG,0,0.0,S2,2023,0.0,S2_0_2023,1,0
2023,Diesel_S2_2023,1,Sell,B20,0,0.0,S2,2023,0.0,S2_0_2023,1,0
2023,LNG_S3_2023,11,Sell,LNG,0,0.0,S3,2023,0.0,S3_0_2023,1,0
2023,LNG_S4_2023,2,Sell,LNG,0,0.0,S4,2023,0.0,S4_0_2023,1,0
2024,LNG_S1_2023,10,Sell,LNG,0,0.0,S1,2023,0.0,S1_0_2024,2,0
2024,Diesel_S1_2023,1,Sell,B20,0,0.0,S1,2023,0.0,S1_0_2024,2,0
2024,LNG_S3_2023,29,Sell,LNG,0,0.0,S3,2023,0.0,S3_0_2024,2,0
2025,LNG_S1_2023,7,Sell,LNG,0,0.0,S1,2023,0.0,S1_0_2025,3,0
2025,LNG_S2_2023,2,Sell,LNG,0,0.0,S2,2023,0.0,S2_0_2025,3,0
2025,LNG_S3_2023,23,Sell,LNG,0,0.0,S3,2023,0.0,S3_0_2025,3,0
2025,LNG_S4_2023,5,Sell,LNG,0,0.0,S4,2023,0.0,S4_0_2025,3,0
2025,Diesel_S4_2023,4,Sell,B20,0,0.0,S4,2023,0.0,S4_0_2025,3,0
2026,LNG_S1_2023,3,Sell,LNG,0,0.0,S1,2023,0.0,S1_0_2026,4,0
2026,LNG_S2_2023,20,Sell,LNG,0,0.0,S2,2023,0.0,S2_0_2026,4,0
2026,Diesel_S2_2023,1,Sell,B20,0,0.0,S2,2023,0.0,S2_0_2026,4,0
2026,LNG_S3_2023,15,Sell,LNG,0,0.0,S3,2023,0.0,S3_0_2026,4,0
2026,Diesel_S3_2023,1,Sell,B20,0,0.0,S3,2023,0.0,S3_0_2026,4,0
2026,LNG_S4_2024,2,Sell,LNG,0,0.0,S4,2024,0.0,S4_0_2026,3,0
2027,LNG_S1_2023,18,Sell,LNG,0,0.0,S1,2023,0.0,S1_0_2027,5,0
2027,Diesel_S2_2023,1,Sell,B20,0,0.0,S2,2023,0.0,S2_0_2027,5,0
2027,LNG_S2_2024,9,Sell,LNG,0,0.0,S2,2024,0.0,S2_0_2027,4,0
2027,LNG_S3_2024,13,Sell,LNG,0,0.0,S3,2024,0.0,S3_0_2027,4,0
2027,LNG_S3_2025,2,Sell,LNG,0,0.0,S3,2025,0.0,S3_0_2027,3,0
2028,LNG_S1_2024,9,Sell,LNG,0,0.0,S1,2024,0.0,S1_0_2028,5,0
2028,LNG_S3_2025,28,Sell,LNG,0,0.0,S3,2025,0.0,S3_0_2028,4,0
2028,LNG_S4_2026,6,Sell,LNG,0,0.0,S4,2026,0.0,S4_0_2028,3,0
2028,LNG_S4_2027,2,Sell,LNG,0,0.0,S4,2027,0.0,S4_0_2028,2,0
2029,LNG_S1_2025,7,Sell,LNG,0,0.0,S1,2025,0.0,S1_0_2029,5,0
2029,LNG_S2_2025,1,Sell,LNG,0,0.0,S2,2025,0.0,S2_0_2029,5,0
2029,LNG_S1_2026,7,Sell,LNG,0,0.0,S1,2026,0.0,S1_0_2029,4,0
2029,LNG_S2_2026,2,Sell,LNG,0,0.0,S2,2026,0.0,S2_0_2029,4,0
2029,LNG_S3_2026,25,Sell,LNG,0,0.0,S3,2026,0.0,S3_0_2029,4,0
2029,Diesel_S3_2026,1,Sell,HVO,0,0.0,S3,2026,0.0,S3_0_2029,4,0
2029,Diesel_S4_2026,1,Sell,B20,0,0.0,S4,2026,0.0,S4_0_2029,4,0
2029,LNG_S2_2027,2,Sell,LNG,0,0.0,S2,2027,0.0,S2_0_2029,3,0
2030,LNG_S1_2023,1,Sell,LNG,0,0.0,S1,2023,0.0,S1_0_2030,8,0
2030,LNG_S2_2023,1,Sell,BioLNG,0,0.0,S2,2023,0.0,S2_0_2030,8,0
2030,LNG_S3_2023,1,Sell,BioLNG,0,0.0,S3,2023,0.0,S3_0_2030,8,0
2030,LNG_S1_2026,1,Sell,LNG,0,0.0,S1,2026,0.0,S1_0_2030,5,0
2030,Diesel_S4_2026,2,Sell,B20,0,0.0,S4,2026,0.0,S4_0_2030,5,0
2030,LNG_S2_2027,20,Sell,LNG,0,0.0,S2,2027,0.0,S2_0_2030,4,0
2030,LNG_S3_2027,18,Sell,LNG,0,0.0,S3,2027,0.0,S3_0_2030,4,0
2030,LNG_S4_2027,1,Sell,LNG,0,0.0,S4,2027,0.0,S4_0_2030,4,0
2030,LNG_S2_2028,2,Sell,LNG,0,0.0,S2,2028,0.0,S2_0_2030,3,0
2031,LNG_S1_2023,14,Sell,LNG,0,0.0,S1,2023,0.0,S1_0_2031,9,0
2031,Diesel_S3_2023,1,Sell,B20,0,0.0,S3,2023,0.0,S3_0_2031,9,0
2031,LNG_S2_2028,9,Sell,LNG,0,0.0,S2,2028,0.0,S2_0_2031,4,0
2031,LNG_S3_2028,11,Sell,LNG,0,0.0,S3,2028,0.0,S3_0_2031,4,0
2031,LNG_S3_2028,5,Sell,BioLNG,0,0.0,S3,2028,0.0,S3_0_2031,4,0
2031,LNG_S3_2029,2,Sell,BioLNG,0,0.0,S3,2029,0.0,S3_0_2031,3,0
2031,LNG_S4_2029,1,Sell,LNG,0,0.0,S4,2029,0.0,S4_0_2031,3,0
2031,LNG_S4_2029,4,Sell,BioLNG,0,0.0,S4,2029,0.0,S4_0_2031,3,0
2032,LNG_S1_2023,2,Sell,LNG,0,0.0,S1,2023,0.0,S1_0_2032,10,0
2032,LNG_S1_2024,9,Sell,LNG,0,0.0,S1,2024,0.0,S1_0_2032,9,0
2032,LNG_S1_2028,2,Sell,BioLNG,0,0.0,S1,2028,0.0,S1_0_2032,5,0
2032,Diesel_S3_2028,1,Sell,HVO,0,0.0,S3,2028,0.0,S3_0_2032,5,0
2032,LNG_S2_2029,2,Sell,BioLNG,0,0.0,S2,2029,0.0,S2_0_2032,4,0
2032,LNG_S3_2029,25,Sell,LNG,0,0.0,S3,2029,0.0,S3_0_2032,4,0
2032,LNG_S3_2029,5,Sell,BioLNG,0,0.0,S3,2029,0.0,S3_0_2032,4,0
2032,LNG_S4_2029,1,Sell,LNG,0,0.0,S4,2029,0.0,S4_0_2032,4,0
2032,LNG_S4_2029,2,Sell,BioLNG,0,0.0,S4,2029,0.0,S4_0_2032,4,0
2032,LNG_S3_2030,1,Sell,BioLNG,0,0.0,S3,2030,0.0,S3_0_2032,3,0
2033,LNG_S1_2025,6,Sell,LNG,0,0.0,S1,2025,0.0,S1_0_2033,9,0
2033,LNG_S1_2028,11,Sell,BioLNG,0,0.0,S1,2028,0.0,S1_0_2033,6,0
2033,LNG_S2_2030,2,Sell,LNG,0,0.0,S2,2030,0.0,S2_0_2033,4,0
2033,LNG_S3_2030,24,Sell,LNG,0,0.0,S3,2030,0.0,S3_0_2033,4,0
2033,LNG_S3_2030,1,Sell,BioLNG,0,0.0,S3,2030,0.0,S3_0_2033,4,0
2033,Diesel_S4_2030,1,Sell,B20,0,0.0,S4,2030,0.0,S4_0_2033,4,0
2033,LNG_S3_2031,1,Sell,LNG,0,0.0,S3,2031,0.0,S3_0_2033,3,0
2033,LNG_S4_2031,2,Sell,LNG,0,0.0,S4,2031,0.0,S4_0_2033,3,0
2033,LNG_S4_2032,2,Sell,LNG,0,0.0,S4,2032,0.0,S4_0_2033,2,0
2034,LNG_S1_2026,1,Sell,LNG,0,0.0,S1,2026,0.0,S1_0_2034,9,0
2034,LNG_S1_2027,3,Sell,LNG,0,0.0,S1,2027,0.0,S1_0_2034,8,0
2034,LNG_S2_2030,1,Sell,LNG,0,0.0,S2,2030,0.0,S2_0_2034,5,0
2034,LNG_S2_2030,1,Sell,BioLNG,0,0.0,S2,2030,0.0,S2_0_2034,5,0
2034,LNG_S2_2031,3,Sell,LNG,0,0.0,S2,2031,0.0,S2_0_2034,4,0
2034,LNG_S2_2031,20,Sell,BioLNG,0,0.0,S2,2031,0.0,S2_0_2034,4,0
2034,LNG_S3_2031,19,Sell,LNG,0,0.0,S3,2031,0.0,S3_0_2034,4,0
2034,LNG_S4_2032,4,Sell,LNG,0,0.0,S4,2032,0.0,S4_0_2034,3,0
2035,LNG_S1_2027,3,Sell,BioLNG,0,0.0,S1,2027,0.0,S1_0_2035,9,0
2035,LNG_S1_2032,18,Sell,BioLNG,0,0.0,S1,2032,0.0,S1_0_2035,4,0
2035,LNG_S2_2032,11,Sell,BioLNG,0,0.0,S2,2032,0.0,S2_0_2035,4,0
2035,LNG_S3_2032,20,Sell,LNG,0,0.0,S3,2032,0.0,S3_0_2035,4,0
2035,LNG_S3_2032,1,Sell,BioLNG,0,0.0,S3,2032,0.0,S3_0_2035,4,0
2036,LNG_S1_2028,9,Sell,BioLNG,0,0.0,S1,2028,0.0,S1_0_2036,9,0
2036,Diesel_S4_2031,1,Sell,B20,0,0.0,S4,2031,0.0,S4_0_2036,6,0
2036,LNG_S1_2032,1,Sell,BioLNG,0,0.0,S1,2032,0.0,S1_0_2036,5,0
2036,Diesel_S1_2032,1,Sell,HVO,0,0.0,S1,2032,0.0,S1_0_2036,5,0
2036,LNG_S3_2032,2,Sell,LNG,0,0.0,S3,2032,0.0,S3_0_2036,5,0
2036,LNG_S2_2033,3,Sell,BioLNG,0,0.0,S2,2033,0.0,S2_0_2036,4,0
2036,LNG_S3_2033,20,Sell,LNG,0,0.0,S3,2033,0.0,S3_0_2036,4,0
2036,LNG_S3_2033,14,Sell,BioLNG,0,0.0,S3,2033,0.0,S3_0_2036,4,0
2036,LNG_S4_2033,3,Sell,BioLNG,0,0.0,S4,2033,0.0,S4_0_2036,4,0
2037,LNG_S1_2029,10,Sell,BioLNG,0,0.0,S1,2029,0.0,S1_0_2037,9,0
2037,LNG_S1_2033,3,Sell,BioLNG,0,0.0,S1,2033,0.0,S1_0_2037,5,0
2037,LNG_S2_2034,3,Sell,BioLNG,0,0.0,S2,2034,0.0,S2_0_2037,4,0
2037,LNG_S3_2034,22,Sell,LNG,0,0.0,S3,2034,0.0,S3_0_2037,4,0
2037,LNG_S3_2034,7,Sell,BioLNG,0,0.0,S3,2034,0.0,S3_0_2037,4,0
2037,LNG_S4_2034,3,Sell,BioLNG,0,0.0,S4,2034,0.0,S4_0_2037,4,0
2037,Diesel_S4_2034,2,Sell,HVO,0,0.0,S4,2034,0.0,S4_0_2037,4,0
2037,LNG_S4_2035,5,Sell,BioLNG,0,0.0,S4,2035,0.0,S4_0_2037,3,0
2023,LNG_S1_2023,9,Use,LNG,D1,96575.77777778888,S1,2023,869182.0000001,S1_D1_2023,1,0
2023,LNG_S1_2023,26,Use,LNG,D2,99888.26923077308,S1,2023,2597095.0000001,S1_D2_2023,1,0
2023,LNG_S1_2023,33,Use,LNG,D3,99757.93939394242,S1,2023,3292012.0000000997,S1_D3_2023,1,0
2023,LNG_S1_2023,4,Use,LNG,D4,102000.0,S1,2023,408000.0,S1_D4_2023,1,0
2023,Diesel_S1_2023,1,Use,B20,D4,6316.000000099993,S1,2023,6316.000000099993,S1_D4_2023,1,0
2023,LNG_S2_2023,9,Use,LNG,D1,105999.99999999996,S2,2023,953999.9999999997,S2_D1_2023,1,0
2023,LNG_S2_2023,13,Use,LNG,D2,106000.0,S2,2023,1378000.0,S2_D2_2023,1,0
2023,LNG_S2_2023,7,Use,LNG,D3,105999.99999999997,S2,2023,741999.9999999998,S2_D3_2023,1,0
2023,LNG_S2_2023,1,Use,LNG,D4,106000.0,S2,2023,106000.0,S2_D4_2023,1,0
2023,LNG_S2_2023,1,Use,BioLNG,D1,41695.00000010035,S2,2023,41695.00000010035,S2_D1_2023,1,0
2023,Diesel_S2_2023,1,Use,B20,D2,5196.999570089391,S2,2023,5196.999570089391,S2_D2_2023,1,0
2023,Diesel_S2_2023,1,Use,B20,D3,36009.00000010023,S2,2023,36009.00000010023,S2_D3_2023,1,0
2023,Diesel_S2_2023,1,Use,B20,D4,27677.996600002698,S2,2023,27677.996600002698,S2_D4_2023,1,0
2023,LNG_S3_2023,30,Use,LNG,D1,72782.53333333667,S3,2023,2183476.0000001,S3_D1_2023,1,0
2023,LNG_S3_2023,33,Use,LNG,D2,73000.0,S3,2023,2409000.0,S3_D2_2023,1,0
2023,LNG_S3_2023,13,Use,LNG,D3,73000.0,S3,2023,949000.0,S3_D3_2023,1,0
2023,LNG_S3_2023,2,Use,LNG,D4,73000.0,S3,2023,146000.0,S3_D4_2023,1,0
2023,LNG_S3_2023,1,Use,BioLNG,D4,59427.0000001,S3,2023,59427.0000001,S3_D4_2023,1,0
2023,Diesel_S3_2023,1,Use,B20,D2,22902.000000100114,S3,2023,22902.000000100114,S3_D2_2023,1,0
2023,Diesel_S3_2023,1,Use,B20,D3,53467.0000001,S3,2023,53467.0000001,S3_D3_2023,1,0
2023,LNG_S4_2023,6,Use,LNG,D2,118000.0,S4,2023,708000.0,S4_D2_2023,1,0
2023,LNG_S4_2023,1,Use,LNG,D3,118000.0,S4,2023,118000.0,S4_D3_2023,1,0
2023,Diesel_S4_2023,1,Use,B20,D1,14577.000000099999,S4,2023,14577.000000099999,S4_D1_2023,1,0
2023,Diesel_S4_2023,1,Use,B20,D2,46718.0000001,S4,2023,46718.0000001,S4_D2_2023,1,0
2023,Diesel_S4_2023,1,Use,B20,D3,900.0000000999936,S4,2023,900.0000000999936,S4_D3_2023,1,0
2023,Diesel_S4_2023,1,Use,B20,D4,1810.0000000999983,S4,2023,1810.0000000999983,S4_D4_2023,1,0
2024,LNG_S1_2023,26,Use,LNG,D2,102000.0,S1,2023,2652000.0,S1_D2_2024,2,0
2024,LNG_S1_2023,25,Use,LNG,D3,102000.0,S1,2023,2550000.0,S1_D3_2024,2,0
2024,LNG_S1_2023,4,Use,LNG,D4,102000.0,S1,2023,408000.0,S1_D4_2024,2,0
2024,Diesel_S1_2023,1,Use,B20,D4,11982.000000099999,S1,2023,11982.000000099999,S1_D4_2024,2,0
2024,LNG_S2_2023,2,Use,LNG,D1,106000.0,S2,2023,212000.0,S2_D1_2024,2,0
2024,LNG_S2_2023,13,Use,LNG,D2,106000.0,S2,2023,1378000.0,S2_D2_2024,2,0
2024,LNG_S2_2023,7,Use,LNG,D3,106000.0,S2,2023,742000.0,S2_D3_2024,2,0
2024,LNG_S2_2023,1,Use,BioLNG,D3,65077.0000001,S2,2023,65077.0000001,S2_D3_2024,2,0
2024,Diesel_S2_2023,1,Use,B20,D2,13988.000000099884,S2,2023,13988.000000099884,S2_D2_2024,2,0
2024,Diesel_S2_2023,1,Use,B20,D4,27713.000000100004,S2,2023,27713.000000100004,S2_D4_2024,2,0
2024,LNG_S3_2023,30,Use,LNG,D1,73000.0,S3,2023,2190000.0,S3_D1_2024,2,0
2024,LNG_S3_2023,33,Use,LNG,D2,72999.99999999999,S3,2023,2408999.9999999995,S3_D2_2024,2,0
2024,LNG_S3_2023,3,Use,LNG,D3,73000.0,S3,2023,219000.0,S3_D3_2024,2,0
2024,LNG_S3_2023,1,Use,LNG,D4,62441.0000001,S3,2023,62441.0000001,S3_D4_2024,2,0
2024,LNG_S3_2023,1,Use,BioLNG,D1,49441.00000010012,S3,2023,49441.00000010012,S3_D1_2024,2,0
2024,Diesel_S3_2023,1,Use,B20,D2,44498.00000010058,S3,2023,44498.00000010058,S3_D2_2024,2,0
2024,Diesel_S3_2023,1,Use,B20,D3,7376.000000099998,S3,2023,7376.000000099998,S3_D3_2024,2,0
2024,LNG_S4_2023,4,Use,LNG,D2,118000.0,S4,2023,472000.0,S4_D2_2024,2,0
2024,LNG_S4_2023,1,Use,LNG,D3,118000.0,S4,2023,118000.0,S4_D3_2024,2,0
2024,Diesel_S4_2023,1,Use,B20,D1,15201.000000099995,S4,2023,15201.000000099995,S4_D1_2024,2,0
2024,Diesel_S4_2023,1,Use,B20,D2,72980.0000001,S4,2023,72980.0000001,S4_D2_2024,2,0
2024,Diesel_S4_2023,1,Use,B20,D3,4187.00000009999,S4,2023,4187.00000009999,S4_D3_2024,2,0
2024,Diesel_S4_2023,1,Use,B20,D4,1894.0000000999912,S4,2023,1894.0000000999912,S4_D4_2024,2,0
2024,LNG_S1_2024,9,Use,LNG,D1,97471.44444445554,S1,2024,877243.0000000999,S1_D1_2024,1,0
2024,LNG_S1_2024,1,Use,LNG,D2,64196.00000010012,S1,2024,64196.00000010012,S1_D2_2024,1,0
2024,LNG_S1_2024,8,Use,LNG,D3,98325.62500001251,S1,2024,786605.0000001001,S1_D3_2024,1,0
2024,LNG_S2_2024,8,Use,LNG,D1,103901.2500000125,S2,2024,831210.0000001,S2_D1_2024,1,0
2024,LNG_S2_2024,1,Use,LNG,D4,106000.0,S2,2024,106000.0,S2_D4_2024,1,0
2024,LNG_S3_2024,11,Use,LNG,D3,73000.0,S3,2024,803000.0,S3_D3_2024,1,0
2024,LNG_S3_2024,2,Use,LNG,D4,73000.0,S3,2024,146000.0,S3_D4_2024,1,0
2024,LNG_S4_2024,2,Use,LNG,D2,118000.0,S4,2024,236000.0,S4_D2_2024,1,0
2025,LNG_S1_2023,15,Use,LNG,D2,100681.60000000667,S1,2023,1510224.0000001001,S1_D2_2025,3,0
2025,LNG_S1_2023,29,Use,LNG,D3,101245.31034483103,S1,2023,2936114.0000000997,S1_D3_2025,3,0
2025,LNG_S1_2023,1,Use,LNG,D4,102000.0,S1,2023,102000.0,S1_D4_2025,3,0
2025,LNG_S2_2023,2,Use,LNG,D1,106000.0,S2,2023,212000.0,S2_D1_2025,3,0
2025,LNG_S2_2023,12,Use,LNG,D2,106000.0,S2,2023,1272000.0,S2_D2_2025,3,0
2025,LNG_S2_2023,7,Use,LNG,D3,102239.85714287142,S2,2023,715679.0000000999,S2_D3_2025,3,0
2025,LNG_S2_2023,1,Use,LNG,D4,106000.0,S2,2023,106000.0,S2_D4_2025,3,0
2025,LNG_S2_2023,1,Use,BioLNG,D2,32585.000000099884,S2,2023,32585.000000099884,S2_D2_2025,3,0
2025,Diesel_S2_2023,1,Use,B20,D1,22066.000000099884,S2,2023,22066.000000099884,S2_D1_2025,3,0
2025,Diesel_S2_2023,1,Use,B20,D4,31232.000000100004,S2,2023,31232.000000100004,S2_D4_2025,3,0
2025,LNG_S3_2023,30,Use,LNG,D1,73000.0,S3,2023,2190000.0,S3_D1_2025,3,0
2025,LNG_S3_2023,7,Use,LNG,D2,73000.0,S3,2023,511000.0,S3_D2_2025,3,0
2025,LNG_S3_2023,1,Use,LNG,D3,73000.0,S3,2023,73000.0,S3_D3_2025,3,0
2025,LNG_S3_2023,1,Use,BioLNG,D1,65137.00000010011,S3,2023,65137.00000010011,S3_D1_2025,3,0
2025,Diesel_S3_2023,1,Use,B20,D2,19228.00000010011,S3,2023,19228.00000010011,S3_D2_2025,3,0
2025,Diesel_S3_2023,1,Use,B20,D3,31663.00000009988,S3,2023,31663.00000009988,S3_D3_2025,3,0
2025,LNG_S4_2023,5,Use,LNG,D2,118000.0,S4,2023,590000.0,S4_D2_2025,3,0
2025,Diesel_S4_2023,1,Use,B20,D1,15616.000000099997,S4,2023,15616.000000099997,S4_D1_2025,3,0
2025,Diesel_S4_2023,1,Use,B20,D2,83080.0000001,S4,2023,83080.0000001,S4_D2_2025,3,0
2025,Diesel_S4_2023,1,Use,B20,D3,5253.000000099996,S4,2023,5253.000000099996,S4_D3_2025,3,0
2025,Diesel_S4_2023,1,Use,B20,D4,1928.0000000999983,S4,2023,1928.0000000999983,S4_D4_2025,3,0
2025,LNG_S1_2024,5,Use,LNG,D1,102000.0,S1,2024,510000.0,S1_D1_2025,2,0
2025,LNG_S1_2024,13,Use,LNG,D2,102000.0,S1,2024,1326000.0,S1_D2_2025,2,0
2025,LNG_S2_2024,7,Use,LNG,D1,106000.0,S2,2024,742000.0,S2_D1_2025,2,0
2025,LNG_S2_2024,1,Use,LNG,D2,106000.0,S2,2024,106000.0,S2_D2_2025,2,0
2025,LNG_S2_2024,1,Use,LNG,D3,106000.0,S2,2024,106000.0,S2_D3_2025,2,0
2025,LNG_S3_2024,13,Use,LNG,D3,73000.0,S3,2024,949000.0,S3_D3_2025,2,0
2025,LNG_S4_2024,1,Use,LNG,D2,118000.0,S4,2024,118000.0,S4_D2_2025,2,0
2025,LNG_S4_2024,1,Use,LNG,D3,118000.0,S4,2024,118000.0,S4_D3_2025,2,0
2025,LNG_S1_2025,4,Use,LNG,D1,91927.000000025,S1,2025,367708.0000001,S1_D1_2025,1,0
2025,LNG_S1_2025,5,Use,LNG,D3,102000.0,S1,2025,510000.0,S1_D3_2025,1,0
2025,LNG_S1_2025,4,Use,LNG,D4,84442.000000025,S1,2025,337768.0000001,S1_D4_2025,1,0
2025,LNG_S2_2025,1,Use,LNG,D1,106000.0,S2,2025,106000.0,S2_D1_2025,1,0
2025,LNG_S3_2025,27,Use,LNG,D2,73000.0,S3,2025,1971000.0,S3_D2_2025,1,0
2025,LNG_S3_2025,3,Use,LNG,D4,72846.00000003334,S3,2025,218538.0000001,S3_D4_2025,1,0
2026,LNG_S1_2023,9,Use,LNG,D1,98232.88888890001,S1,2023,884096.0000001001,S1_D1_2026,4,0
2026,LNG_S1_2023,11,Use,LNG,D2,97559.18181819093,S1,2023,1073151.0000001004,S1_D2_2026,4,0
2026,LNG_S1_2023,18,Use,LNG,D3,102000.0,S1,2023,1836000.0,S1_D3_2026,4,0
2026,LNG_S2_2023,6,Use,LNG,D1,106000.0,S2,2023,636000.0,S2_D1_2026,4,0
2026,LNG_S2_2023,6,Use,LNG,D2,106000.0,S2,2023,636000.0,S2_D2_2026,4,0
2026,LNG_S2_2023,8,Use,LNG,D3,103242.5000000125,S2,2023,825940.0000001,S2_D3_2026,4,0
2026,LNG_S2_2023,1,Use,BioLNG,D2,74684.00000009988,S2,2023,74684.00000009988,S2_D2_2026,4,0
2026,Diesel_S2_2023,1,Use,B20,D1,30704.000000099888,S2,2023,30704.000000099888,S2_D1_2026,4,0
2026,Diesel_S2_2023,1,Use,B20,D4,35129.0000001,S2,2023,35129.0000001,S2_D4_2026,4,0
2026,LNG_S3_2023,15,Use,LNG,D3,73000.0,S3,2023,1095000.0,S3_D3_2026,4,0
2026,LNG_S3_2023,1,Use,BioLNG,D1,66774.00000010012,S3,2023,66774.00000010012,S3_D1_2026,4,0
2026,Diesel_S3_2023,1,Use,B20,D2,42894.00000010012,S3,2023,42894.00000010012,S3_D2_2026,4,0
2026,Diesel_S3_2023,1,Use,B20,D3,8928.000000099879,S3,2023,8928.000000099879,S3_D3_2026,4,0
2026,LNG_S1_2024,18,Use,LNG,D2,102000.0,S1,2024,1836000.0,S1_D2_2026,3,0
2026,LNG_S2_2024,4,Use,LNG,D1,106000.0,S2,2024,424000.0,S2_D1_2026,3,0
2026,LNG_S2_2024,4,Use,LNG,D2,106000.0,S2,2024,424000.0,S2_D2_2026,3,0
2026,LNG_S2_2024,1,Use,LNG,D4,106000.0,S2,2024,106000.0,S2_D4_2026,3,0
2026,LNG_S3_2024,10,Use,LNG,D1,73000.0,S3,2024,730000.0,S3_D1_2026,3,0
2026,LNG_S3_2024,3,Use,LNG,D4,73000.0,S3,2024,219000.0,S3_D4_2026,3,0
2026,LNG_S4_2024,1,Use,LNG,D2,86431.0000001,S4,2024,86431.0000001,S4_D2_2026,3,0
2026,LNG_S4_2024,1,Use,LNG,D3,118000.0,S4,2024,118000.0,S4_D3_2026,3,0
2026,LNG_S1_2025,12,Use,LNG,D3,99252.58333334167,S1,2025,1191031.0000001001,S1_D3_2026,2,0
2026,LNG_S1_2025,1,Use,LNG,D4,38479.00000009999,S1,2025,38479.00000009999,S1_D4_2026,2,0
2026,LNG_S2_2025,1,Use,LNG,D2,106000.0,S2,2025,106000.0,S2_D2_2026,2,0
2026,LNG_S3_2025,21,Use,LNG,D1,73000.0,S3,2025,1533000.0,S3_D1_2026,2,0
2026,LNG_S3_2025,9,Use,LNG,D2,73000.0,S3,2025,657000.0,S3_D2_2026,2,0
2026,LNG_S1_2026,5,Use,LNG,D3,102000.0,S1,2026,510000.0,S1_D3_2026,1,0
2026,LNG_S1_2026,4,Use,LNG,D4,102000.0,S1,2026,408000.0,S1_D4_2026,1,0
2026,LNG_S2_2026,2,Use,LNG,D2,106000.0,S2,2026,212000.0,S2_D2_2026,1,0
2026,LNG_S3_2026,25,Use,LNG,D2,73000.0,S3,2026,1825000.0,S3_D2_2026,1,0
2026,Diesel_S3_2026,1,Use,HVO,D4,182.0000000999949,S3,2026,182.0000000999949,S3_D4_2026,1,0
2026,LNG_S4_2026,6,Use,LNG,D2,118000.0,S4,2026,708000.0,S4_D2_2026,1,0
2026,Diesel_S4_2026,1,Use,B20,D1,15917.000000099995,S4,2026,15917.000000099995,S4_D1_2026,1,0
2026,Diesel_S4_2026,1,Use,B20,D3,8716.000000099992,S4,2026,8716.000000099992,S4_D3_2026,1,0
2026,Diesel_S4_2026,1,Use,B20,D4,1990.0000000999912,S4,2026,1990.0000000999912,S4_D4_2026,1,0
2027,LNG_S1_2023,4,Use,LNG,D1,93779.26555701281,S1,2023,375117.06222805125,S1_D1_2027,5,0
2027,LNG_S1_2023,22,Use,LNG,D2,100325.18181818638,S1,2023,2207154.0000001,S1_D2_2027,5,0
2027,LNG_S1_2023,5,Use,LNG,D3,102000.0,S1,2023,510000.0,S1_D3_2027,5,0
2027,LNG_S1_2023,4,Use,LNG,D4,91293.750000025,S1,2023,365175.0000001,S1_D4_2027,5,0
2027,LNG_S2_2023,1,Use,BioLNG,D4,40449.0000001,S2,2023,40449.0000001,S2_D4_2027,5,0
2027,Diesel_S2_2023,1,Use,B20,D3,14852.0000001,S2,2023,14852.0000001,S2_D3_2027,5,0
2027,LNG_S3_2023,1,Use,BioLNG,D3,42495.000000099884,S3,2023,42495.000000099884,S3_D3_2027,5,0
2027,Diesel_S3_2023,1,Use,B20,D2,36567.00000010012,S3,2023,36567.00000010012,S3_D2_2027,5,0
2027,LNG_S1_2024,18,Use,LNG,D3,102000.0,S1,2024,1836000.0,S1_D3_2027,4,0
2027,LNG_S2_2024,4,Use,LNG,D1,93239.50000002497,S2,2024,372958.0000000999,S2_D1_2027,4,0
2027,LNG_S2_2024,5,Use,LNG,D2,105215.60000001997,S2,2024,526078.0000000999,S2_D2_2027,4,0
2027,LNG_S3_2024,1,Use,LNG,D1,45370.00000010012,S3,2024,45370.00000010012,S3_D1_2027,4,0
2027,LNG_S3_2024,12,Use,LNG,D3,73000.0,S3,2024,876000.0,S3_D3_2027,4,0
2027,LNG_S1_2025,2,Use,LNG,D2,102000.0,S1,2025,204000.0,S1_D2_2027,3,0
2027,LNG_S1_2025,11,Use,LNG,D3,102000.0,S1,2025,1122000.0,S1_D3_2027,3,0
2027,LNG_S2_2025,1,Use,LNG,D2,106000.0,S2,2025,106000.0,S2_D2_2027,3,0
2027,LNG_S3_2025,30,Use,LNG,D1,73000.0,S3,2025,2190000.0,S3_D1_2027,3,0
2027,LNG_S1_2026,2,Use,LNG,D1,102000.0,S1,2026,204000.0,S1_D1_2027,2,0
2027,LNG_S1_2026,6,Use,LNG,D2,102000.0,S1,2026,612000.0,S1_D2_2027,2,0
2027,LNG_S1_2026,1,Use,LNG,D4,102000.0,S1,2026,102000.0,S1_D4_2027,2,0
2027,LNG_S2_2026,2,Use,LNG,D2,106000.0,S2,2026,212000.0,S2_D2_2027,2,0
2027,LNG_S3_2026,25,Use,LNG,D2,73000.0,S3,2026,1825000.0,S3_D2_2027,2,0
2027,Diesel_S3_2026,1,Use,HVO,D4,5938.000000099998,S3,2026,5938.000000099998,S3_D4_2027,2,0
2027,LNG_S4_2026,1,Use,LNG,D1,16533.0000001,S4,2026,16533.0000001,S4_D1_2027,2,0
2027,LNG_S4_2026,4,Use,LNG,D2,118000.0,S4,2026,472000.0,S4_D2_2027,2,0
2027,LNG_S4_2026,1,Use,LNG,D3,118000.0,S4,2026,118000.0,S4_D3_2027,2,0
2027,Diesel_S4_2026,1,Use,B20,D2,3348.000000099993,S4,2026,3348.000000099993,S4_D2_2027,2,0
2027,Diesel_S4_2026,1,Use,B20,D3,11766.000000099997,S4,2026,11766.000000099997,S4_D3_2027,2,0
2027,Diesel_S4_2026,1,Use,B20,D4,2020.000000099992,S4,2026,2020.000000099992,S4_D4_2027,2,0
2027,LNG_S1_2027,2,Use,LNG,D1,102000.0,S1,2027,204000.0,S1_D1_2027,1,0
2027,LNG_S1_2027,1,Use,LNG,D3,102000.0,S1,2027,102000.0,S1_D3_2027,1,0
2027,LNG_S1_2027,2,Use,BioLNG,D1,69943.96888602438,S1,2027,139887.93777204875,S1_D1_2027,1,0
2027,LNG_S1_2027,1,Use,BioLNG,D3,11682.000000100115,S1,2027,11682.000000100115,S1_D3_2027,1,0
2027,LNG_S2_2027,7,Use,LNG,D1,106000.0,S2,2027,742000.0,S2_D1_2027,1,0
2027,LNG_S2_2027,6,Use,LNG,D2,106000.0,S2,2027,636000.0,S2_D2_2027,1,0
2027,LNG_S2_2027,8,Use,LNG,D3,106000.0,S2,2027,848000.0,S2_D3_2027,1,0
2027,LNG_S2_2027,1,Use,LNG,D4,106000.0,S2,2027,106000.0,S2_D4_2027,1,0
2027,LNG_S3_2027,2,Use,LNG,D1,73000.0,S3,2027,146000.0,S3_D1_2027,1,0
2027,LNG_S3_2027,10,Use,LNG,D2,73000.0,S3,2027,730000.0,S3_D2_2027,1,0
2027,LNG_S3_2027,3,Use,LNG,D3,73000.0,S3,2027,219000.0,S3_D3_2027,1,0
2027,LNG_S3_2027,3,Use,LNG,D4,73000.0,S3,2027,219000.0,S3_D4_2027,1,0
2027,LNG_S4_2027,3,Use,LNG,D2,118000.0,S4,2027,354000.0,S4_D2_2027,1,0
2028,LNG_S1_2023,1,Use,LNG,D1,50138.0000001,S1,2023,50138.0000001,S1_D1_2028,6,0
2028,LNG_S1_2023,13,Use,LNG,D2,94002.71316445664,S1,2023,1222035.2711379363,S1_D2_2028,6,0
2028,LNG_S1_2023,3,Use,LNG,D4,54389.666666699995,S1,2023,163169.0000001,S1_D4_2028,6,0
2028,LNG_S2_2023,1,Use,BioLNG,D4,42037.0000001,S2,2023,42037.0000001,S2_D4_2028,6,0
2028,LNG_S3_2023,1,Use,BioLNG,D3,60330.00000009988,S3,2023,60330.00000009988,S3_D3_2028,6,0
2028,Diesel_S3_2023,1,Use,B20,D2,39925.00000010012,S3,2023,39925.00000010012,S3_D2_2028,6,0
2028,LNG_S1_2024,6,Use,LNG,D2,102000.0,S1,2024,612000.0,S1_D2_2028,5,0
2028,LNG_S1_2024,12,Use,LNG,D3,102000.0,S1,2024,1224000.0,S1_D3_2028,5,0
2028,LNG_S1_2025,9,Use,LNG,D2,102000.0,S1,2025,918000.0,S1_D2_2028,4,0
2028,LNG_S1_2025,4,Use,LNG,D3,91317.50000002503,S1,2025,365270.0000001001,S1_D3_2028,4,0
2028,LNG_S2_2025,1,Use,LNG,D3,54416.0000001,S2,2025,54416.0000001,S2_D3_2028,4,0
2028,LNG_S3_2025,23,Use,LNG,D1,73000.0,S3,2025,1679000.0,S3_D1_2028,4,0
2028,LNG_S3_2025,5,Use,LNG,D2,73000.0,S3,2025,365000.0,S3_D2_2028,4,0
2028,LNG_S1_2026,1,Use,LNG,D2,102000.0,S1,2026,102000.0,S1_D2_2028,3,0
2028,LNG_S1_2026,8,Use,LNG,D3,102000.0,S1,2026,816000.0,S1_D3_2028,3,0
2028,LNG_S2_2026,1,Use,LNG,D1,82179.00000009988,S2,2026,82179.00000009988,S2_D1_2028,3,0
2028,LNG_S2_2026,1,Use,LNG,D2,62704.000000099884,S2,2026,62704.000000099884,S2_D2_2028,3,0
2028,LNG_S3_2026,9,Use,LNG,D1,73000.0,S3,2026,657000.0,S3_D1_2028,3,0
2028,LNG_S3_2026,13,Use,LNG,D2,73000.0,S3,2026,949000.0,S3_D2_2028,3,0
2028,LNG_S3_2026,3,Use,LNG,D3,73000.0,S3,2026,219000.0,S3_D3_2028,3,0
2028,Diesel_S3_2026,1,Use,HVO,D4,14463.000000099997,S3,2026,14463.000000099997,S3_D4_2028,3,0
2028,LNG_S4_2026,5,Use,LNG,D2,99590.80000002,S4,2026,497954.0000001,S4_D2_2028,3,0
2028,LNG_S4_2026,1,Use,LNG,D3,118000.0,S4,2026,118000.0,S4_D3_2028,3,0
2028,Diesel_S4_2026,1,Use,B20,D1,16864.0000001,S4,2026,16864.0000001,S4_D1_2028,3,0
2028,Diesel_S4_2026,1,Use,B20,D3,15930.000000099992,S4,2026,15930.000000099992,S4_D3_2028,3,0
2028,Diesel_S4_2026,1,Use,B20,D4,2067.0000000999967,S4,2026,2067.0000000999967,S4_D4_2028,3,0
2028,LNG_S1_2027,1,Use,LNG,D1,102000.0,S1,2027,102000.0,S1_D1_2028,2,0
2028,LNG_S1_2027,1,Use,LNG,D3,102000.0,S1,2027,102000.0,S1_D3_2028,2,0
2028,LNG_S1_2027,1,Use,LNG,D4,102000.0,S1,2027,102000.0,S1_D4_2028,2,0
2028,LNG_S1_2027,3,Use,BioLNG,D2,86706.90962072127,S1,2027,260120.7288621638,S1_D2_2028,2,0
2028,LNG_S2_2027,8,Use,LNG,D1,106000.0,S2,2027,848000.0,S2_D1_2028,2,0
2028,LNG_S2_2027,14,Use,LNG,D2,106000.0,S2,2027,1484000.0,S2_D2_2028,2,0
2028,LNG_S3_2027,1,Use,LNG,D1,73000.0,S3,2027,73000.0,S3_D1_2028,2,0
2028,LNG_S3_2027,16,Use,LNG,D2,73000.0,S3,2027,1168000.0,S3_D2_2028,2,0
2028,LNG_S3_2027,1,Use,LNG,D3,73000.0,S3,2027,73000.0,S3_D3_2028,2,0
2028,LNG_S4_2027,3,Use,LNG,D2,118000.0,S4,2027,354000.0,S4_D2_2028,2,0
2028,LNG_S1_2028,8,Use,BioLNG,D1,102000.0,S1,2028,816000.0,S1_D1_2028,1,0
2028,LNG_S1_2028,12,Use,BioLNG,D3,102000.0,S1,2028,1224000.0,S1_D3_2028,1,0
2028,LNG_S1_2028,2,Use,BioLNG,D4,102000.0,S1,2028,204000.0,S1_D4_2028,1,0
2028,LNG_S2_2028,2,Use,LNG,D1,106000.0,S2,2028,212000.0,S2_D1_2028,1,0
2028,LNG_S2_2028,8,Use,LNG,D3,106000.0,S2,2028,848000.0,S2_D3_2028,1,0
2028,LNG_S2_2028,1,Use,LNG,D4,106000.0,S2,2028,106000.0,S2_D4_2028,1,0
2028,LNG_S3_2028,11,Use,LNG,D3,73000.0,S3,2028,803000.0,S3_D3_2028,1,0
2028,LNG_S3_2028,2,Use,BioLNG,D2,73000.0,S3,2028,146000.0,S3_D2_2028,1,0
2028,LNG_S3_2028,3,Use,BioLNG,D4,73000.0,S3,2028,219000.0,S3_D4_2028,1,0
2028,Diesel_S3_2028,1,Use,HVO,D1,39473.00000010012,S3,2028,39473.00000010012,S3_D1_2028,1,0
2029,LNG_S1_2023,7,Use,LNG,D2,102000.0,S1,2023,714000.0,S1_D2_2029,7,0
2029,LNG_S1_2023,10,Use,LNG,D3,102000.0,S1,2023,1020000.0,S1_D3_2029,7,0
2029,LNG_S2_2023,1,Use,BioLNG,D3,90801.71968359884,S2,2023,90801.71968359884,S2_D3_2029,7,0
2029,LNG_S3_2023,1,Use,BioLNG,D3,73000.0,S3,2023,73000.0,S3_D3_2029,7,0
2029,Diesel_S3_2023,1,Use,B20,D4,15156.000000099997,S3,2023,15156.000000099997,S3_D4_2029,7,0
2029,LNG_S1_2024,4,Use,LNG,D1,102000.0,S1,2024,408000.0,S1_D1_2029,6,0
2029,LNG_S1_2024,4,Use,LNG,D2,83087.50000002503,S1,2024,332350.0000001001,S1_D2_2029,6,0
2029,LNG_S1_2024,1,Use,LNG,D4,102000.0,S1,2024,102000.0,S1_D4_2029,6,0
2029,LNG_S1_2025,6,Use,LNG,D1,100271.66666668333,S1,2025,601630.0000001,S1_D1_2029,5,0
2029,LNG_S1_2025,4,Use,LNG,D3,80574.75000002503,S1,2025,322299.0000001001,S1_D3_2029,5,0
2029,LNG_S1_2025,3,Use,LNG,D4,93557.33333336667,S1,2025,280672.0000001,S1_D4_2029,5,0
2029,LNG_S2_2025,1,Use,LNG,D1,7617.00000009988,S2,2025,7617.00000009988,S2_D1_2029,5,0
2029,LNG_S1_2026,9,Use,LNG,D2,102000.0,S1,2026,918000.0,S1_D2_2029,4,0
2029,LNG_S2_2026,1,Use,LNG,D2,18556.000000099884,S2,2026,18556.000000099884,S2_D2_2029,4,0
2029,LNG_S2_2026,1,Use,LNG,D4,42323.0000001,S2,2026,42323.0000001,S2_D4_2029,4,0
2029,LNG_S3_2026,16,Use,LNG,D2,69756.81250000626,S3,2026,1116109.0000001001,S3_D2_2029,4,0
2029,LNG_S3_2026,9,Use,LNG,D3,73000.0,S3,2026,657000.0,S3_D3_2029,4,0
2029,Diesel_S3_2026,1,Use,HVO,D3,7529.000000099882,S3,2026,7529.000000099882,S3_D3_2029,4,0
2029,Diesel_S4_2026,1,Use,B20,D1,17545.000000099993,S4,2026,17545.000000099993,S4_D1_2029,4,0
2029,Diesel_S4_2026,1,Use,B20,D3,17804.000000099993,S4,2026,17804.000000099993,S4_D3_2029,4,0
2029,Diesel_S4_2026,1,Use,B20,D4,2114.000000099989,S4,2026,2114.000000099989,S4_D4_2029,4,0
2029,LNG_S1_2027,3,Use,LNG,D2,102000.0,S1,2027,306000.0,S1_D2_2029,3,0
2029,LNG_S1_2027,3,Use,BioLNG,D3,102000.0,S1,2027,306000.0,S1_D3_2029,3,0
2029,LNG_S2_2027,14,Use,LNG,D2,106000.0,S2,2027,1484000.0,S2_D2_2029,3,0
2029,LNG_S2_2027,8,Use,LNG,D3,103227.03503956264,S2,2027,825816.2803165012,S2_D3_2029,3,0
2029,LNG_S3_2027,14,Use,LNG,D2,73000.0,S3,2027,1022000.0,S3_D2_2029,3,0
2029,LNG_S3_2027,1,Use,LNG,D3,73000.0,S3,2027,73000.0,S3_D3_2029,3,0
2029,LNG_S3_2027,3,Use,LNG,D4,73000.0,S3,2027,219000.0,S3_D4_2029,3,0
2029,LNG_S4_2027,1,Use,LNG,D2,59864.0000001,S4,2027,59864.0000001,S4_D2_2029,3,0
2029,LNG_S1_2028,22,Use,BioLNG,D3,102000.0,S1,2028,2244000.0,S1_D3_2029,2,0
2029,LNG_S2_2028,10,Use,LNG,D1,106000.0,S2,2028,1060000.0,S2_D1_2029,2,0
2029,LNG_S2_2028,1,Use,LNG,D2,106000.0,S2,2028,106000.0,S2_D2_2029,2,0
2029,LNG_S3_2028,6,Use,LNG,D1,73000.0,S3,2028,438000.0,S3_D1_2029,2,0
2029,LNG_S3_2028,5,Use,LNG,D2,73000.0,S3,2028,365000.0,S3_D2_2029,2,0
2029,LNG_S3_2028,3,Use,BioLNG,D1,73000.0,S3,2028,219000.0,S3_D1_2029,2,0
2029,LNG_S3_2028,2,Use,BioLNG,D3,73000.0,S3,2028,146000.0,S3_D3_2029,2,0
2029,Diesel_S3_2028,1,Use,HVO,D1,15154.000000100112,S3,2028,15154.000000100112,S3_D1_2029,2,0
2029,LNG_S1_2029,9,Use,BioLNG,D2,102000.0,S1,2029,918000.0,S1_D2_2029,1,0
2029,LNG_S1_2029,1,Use,BioLNG,D4,102000.0,S1,2029,102000.0,S1_D4_2029,1,0
2029,LNG_S2_2029,1,Use,BioLNG,D1,106000.0,S2,2029,106000.0,S2_D1_2029,1,0
2029,LNG_S2_2029,1,Use,BioLNG,D4,106000.0,S2,2029,106000.0,S2_D4_2029,1,0
2029,LNG_S3_2029,21,Use,LNG,D1,73000.0,S3,2029,1533000.0,S3_D1_2029,1,0
2029,LNG_S3_2029,1,Use,LNG,D2,73000.0,S3,2029,73000.0,S3_D2_2029,1,0
2029,LNG_S3_2029,3,Use,LNG,D3,73000.0,S3,2029,219000.0,S3_D3_2029,1,0
2029,LNG_S3_2029,4,Use,BioLNG,D1,73000.0,S3,2029,292000.0,S3_D1_2029,1,0
2029,LNG_S3_2029,3,Use,BioLNG,D2,73000.0,S3,2029,219000.0,S3_D2_2029,1,0
2029,LNG_S4_2029,1,Use,LNG,D2,118000.0,S4,2029,118000.0,S4_D2_2029,1,0
2029,LNG_S4_2029,1,Use,LNG,D3,118000.0,S4,2029,118000.0,S4_D3_2029,1,0
2029,LNG_S4_2029,6,Use,BioLNG,D2,118000.0,S4,2029,708000.0,S4_D2_2029,1,0
2030,LNG_S1_2023,3,Use,LNG,D1,102000.0,S1,2023,306000.0,S1_D1_2030,8,0
2030,LNG_S1_2023,14,Use,LNG,D2,96275.35714286429,S1,2023,1347855.0000001001,S1_D2_2030,8,0
2030,LNG_S2_2023,1,Use,BioLNG,D2,34239.00000009988,S2,2023,34239.00000009988,S2_D2_2030,8,0
2030,LNG_S3_2023,1,Use,BioLNG,D1,36189.00000010012,S3,2023,36189.00000010012,S3_D1_2030,8,0
2030,Diesel_S3_2023,1,Use,B20,D2,26499.00000010011,S3,2023,26499.00000010011,S3_D2_2030,8,0
2030,LNG_S1_2024,9,Use,LNG,D3,77279.44444445558,S1,2024,695515.0000001002,S1_D3_2030,7,0
2030,LNG_S1_2025,4,Use,LNG,D1,49420.37177675317,S1,2025,197681.48710701268,S1_D1_2030,6,0
2030,LNG_S1_2025,2,Use,LNG,D4,95137.00000005,S1,2025,190274.0000001,S1_D4_2030,6,0
2030,LNG_S1_2026,2,Use,LNG,D1,102000.0,S1,2026,204000.0,S1_D1_2030,5,0
2030,Diesel_S4_2026,1,Use,B20,D3,18345.000000099997,S4,2026,18345.000000099997,S4_D3_2030,5,0
2030,Diesel_S4_2026,1,Use,B20,D4,2115.0000000999908,S4,2026,2115.0000000999908,S4_D4_2030,5,0
2030,LNG_S1_2027,3,Use,LNG,D4,102000.0,S1,2027,306000.0,S1_D4_2030,4,0
2030,LNG_S1_2027,3,Use,BioLNG,D1,100705.83763102912,S1,2027,302117.51289308735,S1_D1_2030,4,0
2030,LNG_S2_2027,11,Use,LNG,D1,102299.45454546361,S2,2027,1125294.0000000997,S2_D1_2030,4,0
2030,LNG_S2_2027,5,Use,LNG,D2,106000.0,S2,2027,530000.0,S2_D2_2030,4,0
2030,LNG_S2_2027,3,Use,LNG,D3,98493.00000003332,S2,2027,295479.0000001,S2_D3_2030,4,0
2030,LNG_S2_2027,1,Use,LNG,D4,49566.00000009999,S2,2027,49566.00000009999,S2_D4_2030,4,0
2030,LNG_S3_2027,13,Use,LNG,D1,73000.0,S3,2027,949000.0,S3_D1_2030,4,0
2030,LNG_S3_2027,5,Use,LNG,D3,73000.0,S3,2027,365000.0,S3_D3_2030,4,0
2030,LNG_S4_2027,1,Use,LNG,D2,93291.0000001,S4,2027,93291.0000001,S4_D2_2030,4,0
2030,LNG_S1_2028,9,Use,BioLNG,D2,102000.0,S1,2028,918000.0,S1_D2_2030,3,0
2030,LNG_S1_2028,13,Use,BioLNG,D3,102000.0,S1,2028,1326000.0,S1_D3_2030,3,0
2030,LNG_S2_2028,8,Use,LNG,D2,106000.0,S2,2028,848000.0,S2_D2_2030,3,0
2030,LNG_S2_2028,2,Use,LNG,D3,106000.0,S2,2028,212000.0,S2_D3_2030,3,0
2030,LNG_S2_2028,1,Use,LNG,D4,106000.0,S2,2028,106000.0,S2_D4_2030,3,0
2030,LNG_S3_2028,7,Use,LNG,D1,73000.0,S3,2028,511000.0,S3_D1_2030,3,0
2030,LNG_S3_2028,4,Use,LNG,D2,73000.0,S3,2028,292000.0,S3_D2_2030,3,0
2030,LNG_S3_2028,5,Use,BioLNG,D3,68114.00000001997,S3,2028,340570.0000000998,S3_D3_2030,3,0
2030,Diesel_S3_2028,1,Use,HVO,D4,21768.0000001,S3,2028,21768.0000001,S3_D4_2030,3,0
2030,LNG_S1_2029,10,Use,BioLNG,D2,102000.0,S1,2029,1020000.0,S1_D2_2030,2,0
2030,LNG_S2_2029,1,Use,BioLNG,D1,106000.0,S2,2029,106000.0,S2_D1_2030,2,0
2030,LNG_S2_2029,1,Use,BioLNG,D3,106000.0,S2,2029,106000.0,S2_D3_2030,2,0
2030,LNG_S3_2029,3,Use,LNG,D1,73000.0,S3,2029,219000.0,S3_D1_2030,2,0
2030,LNG_S3_2029,19,Use,LNG,D2,73000.0,S3,2029,1387000.0,S3_D2_2030,2,0
2030,LNG_S3_2029,3,Use,LNG,D4,73000.0,S3,2029,219000.0,S3_D4_2030,2,0
2030,LNG_S3_2029,7,Use,BioLNG,D2,73000.0,S3,2029,511000.0,S3_D2_2030,2,0
2030,LNG_S4_2029,1,Use,LNG,D2,118000.0,S4,2029,118000.0,S4_D2_2030,2,0
2030,LNG_S4_2029,1,Use,LNG,D3,118000.0,S4,2029,118000.0,S4_D3_2030,2,0
2030,LNG_S4_2029,6,Use,BioLNG,D2,118000.0,S4,2029,708000.0,S4_D2_2030,2,0
2030,LNG_S1_2030,19,Use,BioLNG,D3,102000.0,S1,2030,1938000.0,S1_D3_2030,1,0
2030,LNG_S2_2030,1,Use,LNG,D2,106000.0,S2,2030,106000.0,S2_D2_2030,1,0
2030,LNG_S2_2030,3,Use,LNG,D3,106000.0,S2,2030,318000.0,S2_D3_2030,1,0
2030,LNG_S2_2030,1,Use,BioLNG,D2,106000.0,S2,2030,106000.0,S2_D2_2030,1,0
2030,LNG_S3_2030,9,Use,LNG,D1,73000.0,S3,2030,657000.0,S3_D1_2030,1,0
2030,LNG_S3_2030,8,Use,LNG,D2,73000.0,S3,2030,584000.0,S3_D2_2030,1,0
2030,LNG_S3_2030,7,Use,LNG,D3,73000.0,S3,2030,511000.0,S3_D3_2030,1,0
2030,LNG_S3_2030,2,Use,BioLNG,D1,73000.0,S3,2030,146000.0,S3_D1_2030,1,0
2030,Diesel_S4_2030,1,Use,B20,D1,18169.0000001,S4,2030,18169.0000001,S4_D1_2030,1,0
2031,LNG_S1_2023,5,Use,LNG,D1,86050.40000002,S1,2023,430252.0000001,S1_D1_2031,9,0
2031,LNG_S1_2023,11,Use,LNG,D3,100313.63636364546,S1,2023,1103450.0000001001,S1_D3_2031,9,0
2031,Diesel_S3_2023,1,Use,B20,D2,40165.00000010012,S3,2023,40165.00000010012,S3_D2_2031,9,0
2031,LNG_S1_2024,9,Use,LNG,D3,102000.0,S1,2024,918000.0,S1_D3_2031,8,0
2031,LNG_S1_2025,1,Use,LNG,D2,46719.00000010012,S1,2025,46719.00000010012,S1_D2_2031,7,0
2031,LNG_S1_2025,5,Use,LNG,D4,83330.40000002,S1,2025,416652.0000001,S1_D4_2031,7,0
2031,LNG_S1_2026,1,Use,LNG,D3,102000.0,S1,2026,102000.0,S1_D3_2031,6,0
2031,LNG_S1_2027,2,Use,LNG,D2,102000.0,S1,2027,204000.0,S1_D2_2031,5,0
2031,LNG_S1_2027,1,Use,LNG,D3,102000.0,S1,2027,102000.0,S1_D3_2031,5,0
2031,LNG_S1_2027,3,Use,BioLNG,D1,102000.0,S1,2027,306000.0,S1_D1_2031,5,0
2031,LNG_S1_2028,12,Use,BioLNG,D2,102000.0,S1,2028,1224000.0,S1_D2_2031,4,0
2031,LNG_S1_2028,10,Use,BioLNG,D3,102000.0,S1,2028,1020000.0,S1_D3_2031,4,0
2031,LNG_S2_2028,1,Use,LNG,D1,74403.00000009988,S2,2028,74403.00000009988,S2_D1_2031,4,0
2031,LNG_S2_2028,3,Use,LNG,D2,103732.33333336664,S2,2028,311197.0000000999,S2_D2_2031,4,0
2031,LNG_S2_2028,4,Use,LNG,D3,103368.250000025,S2,2028,413473.0000001,S2_D3_2031,4,0
2031,LNG_S2_2028,1,Use,LNG,D4,90442.2095427911,S2,2028,90442.2095427911,S2_D4_2031,4,0
2031,LNG_S3_2028,10,Use,LNG,D1,73000.0,S3,2028,730000.0,S3_D1_2031,4,0
2031,LNG_S3_2028,1,Use,LNG,D3,73000.0,S3,2028,73000.0,S3_D3_2031,4,0
2031,LNG_S3_2028,1,Use,BioLNG,D1,64165.00000010012,S3,2028,64165.00000010012,S3_D1_2031,4,0
2031,LNG_S3_2028,4,Use,BioLNG,D3,71287.25000002497,S3,2028,285149.0000000999,S3_D3_2031,4,0
2031,Diesel_S3_2028,1,Use,HVO,D4,23814.000000099997,S3,2028,23814.000000099997,S3_D4_2031,4,0
2031,LNG_S1_2029,3,Use,BioLNG,D1,102000.0,S1,2029,306000.0,S1_D1_2031,3,0
2031,LNG_S1_2029,7,Use,BioLNG,D2,102000.0,S1,2029,714000.0,S1_D2_2031,3,0
2031,LNG_S2_2029,1,Use,BioLNG,D2,106000.0,S2,2029,106000.0,S2_D2_2031,3,0
2031,LNG_S2_2029,1,Use,BioLNG,D4,71535.7904573089,S2,2029,71535.7904573089,S2_D4_2031,3,0
2031,LNG_S3_2029,14,Use,LNG,D1,73000.0,S3,2029,1022000.0,S3_D1_2031,3,0
2031,LNG_S3_2029,11,Use,LNG,D3,73000.0,S3,2029,803000.0,S3_D3_2031,3,0
2031,LNG_S3_2029,5,Use,BioLNG,D1,73000.0,S3,2029,365000.0,S3_D1_2031,3,0
2031,LNG_S3_2029,2,Use,BioLNG,D4,73000.0,S3,2029,146000.0,S3_D4_2031,3,0
2031,LNG_S4_2029,1,Use,LNG,D2,118000.0,S4,2029,118000.0,S4_D2_2031,3,0
2031,LNG_S4_2029,1,Use,LNG,D3,118000.0,S4,2029,118000.0,S4_D3_2031,3,0
2031,LNG_S4_2029,5,Use,BioLNG,D2,117592.20000001999,S4,2029,587961.0000001,S4_D2_2031,3,0
2031,LNG_S4_2029,1,Use,BioLNG,D3,21697.000000099993,S4,2029,21697.000000099993,S4_D3_2031,3,0
2031,LNG_S1_2030,11,Use,BioLNG,D2,102000.0,S1,2030,1122000.0,S1_D2_2031,2,0
2031,LNG_S1_2030,8,Use,BioLNG,D3,102000.0,S1,2030,816000.0,S1_D3_2031,2,0
2031,LNG_S2_2030,4,Use,LNG,D3,106000.0,S2,2030,424000.0,S2_D3_2031,2,0
2031,LNG_S2_2030,1,Use,BioLNG,D3,106000.0,S2,2030,106000.0,S2_D3_2031,2,0
2031,LNG_S3_2030,23,Use,LNG,D2,73000.0,S3,2030,1679000.0,S3_D2_2031,2,0
2031,LNG_S3_2030,1,Use,LNG,D3,73000.0,S3,2030,73000.0,S3_D3_2031,2,0
2031,LNG_S3_2030,1,Use,BioLNG,D1,73000.0,S3,2030,73000.0,S3_D1_2031,2,0
2031,LNG_S3_2030,1,Use,BioLNG,D4,73000.0,S3,2030,73000.0,S3_D4_2031,2,0
2031,Diesel_S4_2030,1,Use,B20,D1,18748.000000099993,S4,2030,18748.000000099993,S4_D1_2031,2,0
2031,LNG_S1_2031,1,Use,BioLNG,D4,102000.0,S1,2031,102000.0,S1_D4_2031,1,0
2031,LNG_S2_2031,3,Use,LNG,D1,106000.0,S2,2031,318000.0,S2_D1_2031,1,0
2031,LNG_S2_2031,8,Use,BioLNG,D1,106000.0,S2,2031,848000.0,S2_D1_2031,1,0
2031,LNG_S2_2031,12,Use,BioLNG,D2,106000.0,S2,2031,1272000.0,S2_D2_2031,1,0
2031,LNG_S3_2031,5,Use,LNG,D1,73000.0,S3,2031,365000.0,S3_D1_2031,1,0
2031,LNG_S3_2031,15,Use,LNG,D2,73000.0,S3,2031,1095000.0,S3_D2_2031,1,0
2031,LNG_S4_2031,2,Use,LNG,D2,118000.0,S4,2031,236000.0,S4_D2_2031,1,0
2031,Diesel_S4_2031,1,Use,B20,D4,2199.0000000999953,S4,2031,2199.0000000999953,S4_D4_2031,1,0
2032,LNG_S1_2024,2,Use,LNG,D1,75870.50000004993,S1,2024,151741.00000009986,S1_D1_2032,9,0
2032,LNG_S1_2024,2,Use,LNG,D2,83467.50000005006,S1,2024,166935.00000010012,S1_D2_2032,9,0
2032,LNG_S1_2024,4,Use,LNG,D3,102000.0,S1,2024,408000.0,S1_D3_2032,9,0
2032,LNG_S1_2024,1,Use,LNG,D4,32922.00000009999,S1,2024,32922.00000009999,S1_D4_2032,9,0
2032,LNG_S1_2025,2,Use,LNG,D1,102000.0,S1,2025,204000.0,S1_D1_2032,8,0
2032,LNG_S1_2025,4,Use,LNG,D3,90256.75000002493,S1,2025,361027.0000000997,S1_D3_2032,8,0
2032,LNG_S1_2026,1,Use,LNG,D2,102000.0,S1,2026,102000.0,S1_D2_2032,7,0
2032,LNG_S1_2027,2,Use,LNG,D2,102000.0,S1,2027,204000.0,S1_D2_2032,6,0
2032,LNG_S1_2027,1,Use,LNG,D4,102000.0,S1,2027,102000.0,S1_D4_2032,6,0
2032,LNG_S1_2027,3,Use,BioLNG,D4,102000.0,S1,2027,306000.0,S1_D4_2032,6,0
2032,LNG_S1_2028,5,Use,BioLNG,D1,102000.0,S1,2028,510000.0,S1_D1_2032,5,0
2032,LNG_S1_2028,7,Use,BioLNG,D2,102000.0,S1,2028,714000.0,S1_D2_2032,5,0
2032,LNG_S1_2028,9,Use,BioLNG,D3,102000.0,S1,2028,918000.0,S1_D3_2032,5,0
2032,LNG_S1_2028,1,Use,BioLNG,D4,102000.0,S1,2028,102000.0,S1_D4_2032,5,0
2032,Diesel_S3_2028,1,Use,HVO,D1,7134.000000100114,S3,2028,7134.000000100114,S3_D1_2032,5,0
2032,LNG_S1_2029,10,Use,BioLNG,D3,102000.0,S1,2029,1020000.0,S1_D3_2032,4,0
2032,LNG_S2_2029,1,Use,BioLNG,D2,106000.0,S2,2029,106000.0,S2_D2_2032,4,0
2032,LNG_S2_2029,1,Use,BioLNG,D3,106000.0,S2,2029,106000.0,S2_D3_2032,4,0
2032,LNG_S3_2029,25,Use,LNG,D1,73000.0,S3,2029,1825000.0,S3_D1_2032,4,0
2032,LNG_S3_2029,1,Use,BioLNG,D3,13262.000000099884,S3,2029,13262.000000099884,S3_D3_2032,4,0
2032,LNG_S3_2029,4,Use,BioLNG,D4,62620.000000025,S3,2029,250480.0000001,S3_D4_2032,4,0
2032,LNG_S4_2029,1,Use,LNG,D3,63722.48678263132,S4,2029,63722.48678263132,S4_D3_2032,4,0
2032,LNG_S4_2029,1,Use,BioLNG,D2,118000.0,S4,2029,118000.0,S4_D2_2032,4,0
2032,LNG_S4_2029,1,Use,BioLNG,D3,77669.51321746869,S4,2029,77669.51321746869,S4_D3_2032,4,0
2032,LNG_S1_2030,2,Use,BioLNG,D1,102000.0,S1,2030,204000.0,S1_D1_2032,3,0
2032,LNG_S1_2030,17,Use,BioLNG,D2,102000.0,S1,2030,1734000.0,S1_D2_2032,3,0
2032,LNG_S2_2030,2,Use,LNG,D1,98945.50000004994,S2,2030,197891.00000009988,S2_D1_2032,3,0
2032,LNG_S2_2030,2,Use,LNG,D3,66215.50000005,S2,2030,132431.0000001,S2_D3_2032,3,0
2032,LNG_S2_2030,1,Use,BioLNG,D1,106000.0,S2,2030,106000.0,S2_D1_2032,3,0
2032,LNG_S3_2030,7,Use,LNG,D1,73000.0,S3,2030,511000.0,S3_D1_2032,3,0
2032,LNG_S3_2030,17,Use,LNG,D3,73000.0,S3,2030,1241000.0,S3_D3_2032,3,0
2032,LNG_S3_2030,2,Use,BioLNG,D1,73000.0,S3,2030,146000.0,S3_D1_2032,3,0
2032,Diesel_S4_2030,1,Use,B20,D4,2231.000000099999,S4,2030,2231.000000099999,S4_D4_2032,3,0
2032,LNG_S1_2031,1,Use,BioLNG,D2,102000.0,S1,2031,102000.0,S1_D2_2032,2,0
2032,LNG_S2_2031,2,Use,LNG,D2,84608.00000004994,S2,2031,169216.00000009988,S2_D2_2032,2,0
2032,LNG_S2_2031,1,Use,LNG,D4,57127.0000001,S2,2031,57127.0000001,S2_D4_2032,2,0
2032,LNG_S2_2031,8,Use,BioLNG,D1,106000.0,S2,2031,848000.0,S2_D1_2032,2,0
2032,LNG_S2_2031,5,Use,BioLNG,D2,106000.0,S2,2031,530000.0,S2_D2_2032,2,0
2032,LNG_S2_2031,7,Use,BioLNG,D3,106000.0,S2,2031,742000.0,S2_D3_2032,2,0
2032,LNG_S3_2031,3,Use,LNG,D1,73000.0,S3,2031,219000.0,S3_D1_2032,2,0
2032,LNG_S3_2031,17,Use,LNG,D2,73000.0,S3,2031,1241000.0,S3_D2_2032,2,0
2032,LNG_S4_2031,2,Use,LNG,D2,70731.00000005,S4,2031,141462.0000001,S4_D2_2032,2,0
2032,Diesel_S4_2031,1,Use,B20,D1,19299.0000001,S4,2031,19299.0000001,S4_D1_2032,2,0
2032,LNG_S1_2032,4,Use,BioLNG,D2,102000.0,S1,2032,408000.0,S1_D2_2032,1,0
2032,LNG_S1_2032,15,Use,BioLNG,D3,102000.0,S1,2032,1530000.0,S1_D3_2032,1,0
2032,LNG_S2_2032,1,Use,BioLNG,D1,106000.0,S2,2032,106000.0,S2_D1_2032,1,0
2032,LNG_S2_2032,9,Use,BioLNG,D2,106000.0,S2,2032,954000.0,S2_D2_2032,1,0
2032,LNG_S2_2032,1,Use,BioLNG,D4,106000.0,S2,2032,106000.0,S2_D4_2032,1,0
2032,LNG_S3_2032,22,Use,LNG,D2,73000.0,S3,2032,1606000.0,S3_D2_2032,1,0
2032,LNG_S3_2032,1,Use,BioLNG,D2,16675.000000100114,S3,2032,16675.000000100114,S3_D2_2032,1,0
2032,LNG_S4_2032,6,Use,LNG,D2,118000.0,S4,2032,708000.0,S4_D2_2032,1,0
2033,LNG_S1_2025,1,Use,LNG,D1,50916.00000009988,S1,2025,50916.00000009988,S1_D1_2033,9,0
2033,LNG_S1_2025,1,Use,LNG,D2,23887.000000100114,S1,2025,23887.000000100114,S1_D2_2033,9,0
2033,LNG_S1_2025,3,Use,LNG,D3,102000.0,S1,2025,306000.0,S1_D3_2033,9,0
2033,LNG_S1_2025,1,Use,LNG,D4,53314.0000001,S1,2025,53314.0000001,S1_D4_2033,9,0
2033,LNG_S1_2026,1,Use,LNG,D3,102000.0,S1,2026,102000.0,S1_D3_2033,8,0
2033,LNG_S1_2027,1,Use,LNG,D2,102000.0,S1,2027,102000.0,S1_D2_2033,7,0
2033,LNG_S1_2027,2,Use,LNG,D3,102000.0,S1,2027,204000.0,S1_D3_2033,7,0
2033,LNG_S1_2027,1,Use,BioLNG,D1,102000.0,S1,2027,102000.0,S1_D1_2033,7,0
2033,LNG_S1_2027,2,Use,BioLNG,D2,102000.0,S1,2027,204000.0,S1_D2_2033,7,0
2033,LNG_S1_2028,16,Use,BioLNG,D2,102000.0,S1,2028,1632000.0,S1_D2_2033,6,0
2033,LNG_S1_2028,1,Use,BioLNG,D3,102000.0,S1,2028,102000.0,S1_D3_2033,6,0
2033,LNG_S1_2028,3,Use,BioLNG,D4,102000.0,S1,2028,306000.0,S1_D4_2033,6,0
2033,LNG_S1_2029,10,Use,BioLNG,D2,102000.0,S1,2029,1020000.0,S1_D2_2033,5,0
2033,LNG_S1_2030,3,Use,BioLNG,D2,102000.0,S1,2030,306000.0,S1_D2_2033,4,0
2033,LNG_S1_2030,14,Use,BioLNG,D3,102000.0,S1,2030,1428000.0,S1_D3_2033,4,0
2033,LNG_S1_2030,2,Use,BioLNG,D4,102000.0,S1,2030,204000.0,S1_D4_2033,4,0
2033,LNG_S2_2030,1,Use,LNG,D1,11027.000000099877,S2,2030,11027.000000099877,S2_D1_2033,4,0
2033,LNG_S2_2030,2,Use,LNG,D2,100157.50000004993,S2,2030,200315.00000009986,S2_D2_2033,4,0
2033,LNG_S2_2030,1,Use,LNG,D4,62142.00000010001,S2,2030,62142.00000010001,S2_D4_2033,4,0
2033,LNG_S2_2030,1,Use,BioLNG,D1,106000.0,S2,2030,106000.0,S2_D1_2033,4,0
2033,LNG_S3_2030,7,Use,LNG,D1,73000.0,S3,2030,511000.0,S3_D1_2033,4,0
2033,LNG_S3_2030,15,Use,LNG,D2,71744.73333334,S3,2030,1076171.0000001001,S3_D2_2033,4,0
2033,LNG_S3_2030,2,Use,LNG,D3,73000.0,S3,2030,146000.0,S3_D3_2033,4,0
2033,LNG_S3_2030,1,Use,BioLNG,D3,40957.83958928844,S3,2030,40957.83958928844,S3_D3_2033,4,0
2033,Diesel_S4_2030,1,Use,B20,D4,2237.000000099997,S4,2030,2237.000000099997,S4_D4_2033,4,0
2033,LNG_S1_2031,1,Use,BioLNG,D1,102000.0,S1,2031,102000.0,S1_D1_2033,3,0
2033,LNG_S2_2031,2,Use,LNG,D2,106000.0,S2,2031,212000.0,S2_D2_2033,3,0
2033,LNG_S2_2031,1,Use,LNG,D3,53260.00000009999,S2,2031,53260.00000009999,S2_D3_2033,3,0
2033,LNG_S2_2031,1,Use,BioLNG,D1,106000.0,S2,2031,106000.0,S2_D1_2033,3,0
2033,LNG_S2_2031,13,Use,BioLNG,D2,106000.0,S2,2031,1378000.0,S2_D2_2033,3,0
2033,LNG_S2_2031,5,Use,BioLNG,D3,106000.0,S2,2031,530000.0,S2_D3_2033,3,0
2033,LNG_S2_2031,1,Use,BioLNG,D4,106000.0,S2,2031,106000.0,S2_D4_2033,3,0
2033,LNG_S3_2031,16,Use,LNG,D1,73000.0,S3,2031,1168000.0,S3_D1_2033,3,0
2033,LNG_S3_2031,4,Use,LNG,D2,73000.0,S3,2031,292000.0,S3_D2_2033,3,0
2033,LNG_S4_2031,1,Use,LNG,D2,69175.0000001,S4,2031,69175.0000001,S4_D2_2033,3,0
2033,LNG_S4_2031,1,Use,LNG,D3,118000.0,S4,2031,118000.0,S4_D3_2033,3,0
2033,Diesel_S4_2031,1,Use,B20,D1,19952.000000099997,S4,2031,19952.000000099997,S4_D1_2033,3,0
2033,LNG_S1_2032,2,Use,BioLNG,D2,102000.0,S1,2032,204000.0,S1_D2_2033,2,0
2033,LNG_S1_2032,17,Use,BioLNG,D3,102000.0,S1,2032,1734000.0,S1_D3_2033,2,0
2033,Diesel_S1_2032,1,Use,HVO,D3,6084.000000099642,S1,2032,6084.000000099642,S1_D3_2033,2,0
2033,LNG_S2_2032,9,Use,BioLNG,D1,106000.0,S2,2032,954000.0,S2_D1_2033,2,0
2033,LNG_S2_2032,2,Use,BioLNG,D3,106000.0,S2,2032,212000.0,S2_D3_2033,2,0
2033,LNG_S3_2032,2,Use,LNG,D1,73000.0,S3,2032,146000.0,S3_D1_2033,2,0
2033,LNG_S3_2032,5,Use,LNG,D2,73000.0,S3,2032,365000.0,S3_D2_2033,2,0
2033,LNG_S3_2032,15,Use,LNG,D3,72212.14402738743,S3,2032,1083182.1604108114,S3_D3_2033,2,0
2033,LNG_S3_2032,1,Use,BioLNG,D1,46992.00000010012,S3,2032,46992.00000010012,S3_D1_2033,2,0
2033,LNG_S4_2032,5,Use,LNG,D2,118000.0,S4,2032,590000.0,S4_D2_2033,2,0
2033,LNG_S4_2032,1,Use,LNG,D3,28271.000000099997,S4,2032,28271.000000099997,S4_D3_2033,2,0
2033,LNG_S1_2033,8,Use,BioLNG,D1,102000.0,S1,2033,816000.0,S1_D1_2033,1,0
2033,LNG_S1_2033,4,Use,BioLNG,D3,102000.0,S1,2033,408000.0,S1_D3_2033,1,0
2033,LNG_S2_2033,1,Use,BioLNG,D1,106000.0,S2,2033,106000.0,S2_D1_2033,1,0
2033,LNG_S2_2033,2,Use,BioLNG,D3,106000.0,S2,2033,212000.0,S2_D3_2033,1,0
2033,LNG_S3_2033,17,Use,LNG,D2,73000.0,S3,2033,1241000.0,S3_D2_2033,1,0
2033,LNG_S3_2033,3,Use,LNG,D4,73000.0,S3,2033,219000.0,S3_D4_2033,1,0
2033,LNG_S3_2033,13,Use,BioLNG,D1,73000.0,S3,2033,949000.0,S3_D1_2033,1,0
2033,LNG_S3_2033,1,Use,BioLNG,D4,43314.0000001,S3,2033,43314.0000001,S3_D4_2033,1,0
2033,LNG_S4_2033,3,Use,BioLNG,D2,118000.0,S4,2033,354000.0,S4_D2_2033,1,0
2034,LNG_S1_2027,1,Use,LNG,D1,60199.000000099884,S1,2027,60199.000000099884,S1_D1_2034,8,0
2034,LNG_S1_2027,1,Use,LNG,D2,36841.00000010011,S1,2027,36841.00000010011,S1_D2_2034,8,0
2034,LNG_S1_2027,1,Use,LNG,D4,65446.0000001,S1,2027,65446.0000001,S1_D4_2034,8,0
2034,LNG_S1_2027,2,Use,BioLNG,D2,102000.0,S1,2027,204000.0,S1_D2_2034,8,0
2034,LNG_S1_2027,1,Use,BioLNG,D3,88764.00000009965,S1,2027,88764.00000009965,S1_D3_2034,8,0
2034,LNG_S1_2028,9,Use,BioLNG,D2,102000.0,S1,2028,918000.0,S1_D2_2034,7,0
2034,LNG_S1_2029,1,Use,BioLNG,D2,102000.0,S1,2029,102000.0,S1_D2_2034,6,0
2034,LNG_S1_2029,9,Use,BioLNG,D3,102000.0,S1,2029,918000.0,S1_D3_2034,6,0
2034,LNG_S1_2030,9,Use,BioLNG,D1,102000.0,S1,2030,918000.0,S1_D1_2034,5,0
2034,LNG_S1_2030,8,Use,BioLNG,D2,102000.0,S1,2030,816000.0,S1_D2_2034,5,0
2034,LNG_S1_2030,2,Use,BioLNG,D4,102000.0,S1,2030,204000.0,S1_D4_2034,5,0
2034,LNG_S2_2030,1,Use,LNG,D3,106000.0,S2,2030,106000.0,S2_D3_2034,5,0
2034,LNG_S2_2030,1,Use,LNG,D4,63473.00000009999,S2,2030,63473.00000009999,S2_D4_2034,5,0
2034,LNG_S2_2030,1,Use,BioLNG,D1,106000.0,S2,2030,106000.0,S2_D1_2034,5,0
2034,LNG_S1_2031,1,Use,BioLNG,D2,102000.0,S1,2031,102000.0,S1_D2_2034,4,0
2034,LNG_S2_2031,1,Use,LNG,D2,76127.43766666461,S2,2031,76127.43766666461,S2_D2_2034,4,0
2034,LNG_S2_2031,2,Use,LNG,D3,97968.50000005,S2,2031,195937.0000001,S2_D3_2034,4,0
2034,LNG_S2_2031,3,Use,BioLNG,D1,106000.0,S2,2031,318000.0,S2_D1_2034,4,0
2034,LNG_S2_2031,15,Use,BioLNG,D2,105420.57082222901,S2,2031,1581308.5623334353,S2_D2_2034,4,0
2034,LNG_S2_2031,1,Use,BioLNG,D3,106000.0,S2,2031,106000.0,S2_D3_2034,4,0
2034,LNG_S2_2031,1,Use,BioLNG,D4,106000.0,S2,2031,106000.0,S2_D4_2034,4,0
2034,LNG_S3_2031,15,Use,LNG,D1,73000.0,S3,2031,1095000.0,S3_D1_2034,4,0
2034,LNG_S3_2031,4,Use,LNG,D3,73000.0,S3,2031,292000.0,S3_D3_2034,4,0
2034,Diesel_S4_2031,1,Use,B20,D4,2281.0000000999967,S4,2031,2281.0000000999967,S4_D4_2034,4,0
2034,LNG_S1_2032,1,Use,BioLNG,D1,102000.0,S1,2032,102000.0,S1_D1_2034,3,0
2034,LNG_S1_2032,14,Use,BioLNG,D2,102000.0,S1,2032,1428000.0,S1_D2_2034,3,0
2034,LNG_S1_2032,1,Use,BioLNG,D3,102000.0,S1,2032,102000.0,S1_D3_2034,3,0
2034,LNG_S1_2032,3,Use,BioLNG,D4,102000.0,S1,2032,306000.0,S1_D4_2034,3,0
2034,LNG_S2_2032,6,Use,BioLNG,D1,100466.00000001665,S2,2032,602796.0000000999,S2_D1_2034,3,0
2034,LNG_S2_2032,2,Use,BioLNG,D2,106000.0,S2,2032,212000.0,S2_D2_2034,3,0
2034,LNG_S2_2032,3,Use,BioLNG,D3,106000.0,S2,2032,318000.0,S2_D3_2034,3,0
2034,LNG_S3_2032,5,Use,LNG,D1,73000.0,S3,2032,365000.0,S3_D1_2034,3,0
2034,LNG_S3_2032,17,Use,LNG,D2,73000.0,S3,2032,1241000.0,S3_D2_2034,3,0
2034,LNG_S3_2032,1,Use,BioLNG,D1,58154.00000010012,S3,2032,58154.00000010012,S3_D1_2034,3,0
2034,LNG_S4_2032,4,Use,LNG,D2,118000.0,S4,2032,472000.0,S4_D2_2034,3,0
2034,LNG_S1_2033,12,Use,BioLNG,D3,102000.0,S1,2033,1224000.0,S1_D3_2034,2,0
2034,LNG_S2_2033,3,Use,BioLNG,D1,106000.0,S2,2033,318000.0,S2_D1_2034,2,0
2034,LNG_S3_2033,7,Use,LNG,D2,73000.0,S3,2033,511000.0,S3_D2_2034,2,0
2034,LNG_S3_2033,13,Use,LNG,D3,73000.0,S3,2033,949000.0,S3_D3_2034,2,0
2034,LNG_S3_2033,4,Use,BioLNG,D1,73000.0,S3,2033,292000.0,S3_D1_2034,2,0
2034,LNG_S3_2033,7,Use,BioLNG,D2,66977.28571430001,S3,2033,468841.0000001001,S3_D2_2034,2,0
2034,LNG_S3_2033,3,Use,BioLNG,D4,66684.66666670001,S3,2033,200054.00000010003,S3_D4_2034,2,0
2034,LNG_S4_2033,3,Use,BioLNG,D2,116378.00000003328,S4,2033,349134.0000000998,S4_D2_2034,2,0
2034,LNG_S1_2034,21,Use,BioLNG,D3,102000.0,S1,2034,2142000.0,S1_D3_2034,1,0
2034,LNG_S2_2034,3,Use,BioLNG,D3,106000.0,S2,2034,318000.0,S2_D3_2034,1,0
2034,LNG_S3_2034,14,Use,LNG,D1,73000.0,S3,2034,1022000.0,S3_D1_2034,1,0
2034,LNG_S3_2034,8,Use,LNG,D2,73000.0,S3,2034,584000.0,S3_D2_2034,1,0
2034,LNG_S3_2034,4,Use,BioLNG,D2,73000.0,S3,2034,292000.0,S3_D2_2034,1,0
2034,LNG_S3_2034,2,Use,BioLNG,D3,39884.50000004994,S3,2034,79769.00000009988,S3_D3_2034,1,0
2034,LNG_S3_2034,1,Use,BioLNG,D4,73000.0,S3,2034,73000.0,S3_D4_2034,1,0
2034,LNG_S4_2034,2,Use,BioLNG,D2,118000.0,S4,2034,236000.0,S4_D2_2034,1,0
2034,LNG_S4_2034,1,Use,BioLNG,D3,118000.0,S4,2034,118000.0,S4_D3_2034,1,0
2034,Diesel_S4_2034,1,Use,HVO,D1,20808.000000099997,S4,2034,20808.000000099997,S4_D1_2034,1,0
2034,Diesel_S4_2034,1,Use,HVO,D3,28334.000000099993,S4,2034,28334.000000099993,S4_D3_2034,1,0
2035,LNG_S1_2027,1,Use,BioLNG,D1,86720.00000009988,S1,2027,86720.00000009988,S1_D1_2035,9,0
2035,LNG_S1_2027,1,Use,BioLNG,D2,74147.00000010012,S1,2027,74147.00000010012,S1_D2_2035,9,0
2035,LNG_S1_2027,1,Use,BioLNG,D4,78197.0000001,S1,2027,78197.0000001,S1_D4_2035,9,0
2035,LNG_S1_2028,6,Use,BioLNG,D2,102000.0,S1,2028,612000.0,S1_D2_2035,8,0
2035,LNG_S1_2028,3,Use,BioLNG,D3,98149.33333336655,S1,2028,294448.00000009965,S1_D3_2035,8,0
2035,LNG_S1_2029,8,Use,BioLNG,D2,102000.0,S1,2029,816000.0,S1_D2_2035,7,0
2035,LNG_S1_2029,2,Use,BioLNG,D3,102000.0,S1,2029,204000.0,S1_D3_2035,7,0
2035,LNG_S1_2030,10,Use,BioLNG,D1,102000.0,S1,2030,1020000.0,S1_D1_2035,6,0
2035,LNG_S1_2030,1,Use,BioLNG,D2,102000.0,S1,2030,102000.0,S1_D2_2035,6,0
2035,LNG_S1_2030,8,Use,BioLNG,D3,102000.0,S1,2030,816000.0,S1_D3_2035,6,0
2035,LNG_S2_2030,1,Use,LNG,D2,74072.90201182036,S2,2030,74072.90201182036,S2_D2_2035,6,0
2035,LNG_S1_2031,1,Use,BioLNG,D2,102000.0,S1,2031,102000.0,S1_D2_2035,5,0
2035,Diesel_S4_2031,1,Use,B20,D4,2370.0000000999976,S4,2031,2370.0000000999976,S4_D4_2035,5,0
2035,LNG_S1_2032,19,Use,BioLNG,D3,102000.0,S1,2032,1938000.0,S1_D3_2035,4,0
2035,LNG_S2_2032,9,Use,BioLNG,D1,106000.0,S2,2032,954000.0,S2_D1_2035,4,0
2035,LNG_S2_2032,2,Use,BioLNG,D4,88465.00000005001,S2,2032,176930.00000010003,S2_D4_2035,4,0
2035,LNG_S3_2032,22,Use,LNG,D2,73000.0,S3,2032,1606000.0,S3_D2_2035,4,0
2035,LNG_S3_2032,1,Use,BioLNG,D1,61544.000000100124,S3,2032,61544.000000100124,S3_D1_2035,4,0
2035,LNG_S1_2033,8,Use,BioLNG,D3,102000.0,S1,2033,816000.0,S1_D3_2035,3,0
2035,LNG_S1_2033,4,Use,BioLNG,D4,102000.0,S1,2033,408000.0,S1_D4_2035,3,0
2035,LNG_S2_2033,3,Use,BioLNG,D1,96844.66666669997,S2,2033,290534.0000000999,S2_D1_2035,3,0
2035,LNG_S3_2033,20,Use,LNG,D2,73000.0,S3,2033,1460000.0,S3_D2_2035,3,0
2035,LNG_S3_2033,11,Use,BioLNG,D1,73000.0,S3,2033,803000.0,S3_D1_2035,3,0
2035,LNG_S3_2033,2,Use,BioLNG,D2,54201.00000005005,S3,2033,108402.0000001001,S3_D2_2035,3,0
2035,LNG_S3_2033,1,Use,BioLNG,D4,55742.00000010001,S3,2033,55742.00000010001,S3_D4_2035,3,0
2035,LNG_S4_2033,3,Use,BioLNG,D2,93929.33333336662,S4,2033,281788.0000000999,S4_D2_2035,3,0
2035,LNG_S1_2034,17,Use,BioLNG,D2,102000.0,S1,2034,1734000.0,S1_D2_2035,2,0
2035,LNG_S1_2034,4,Use,BioLNG,D3,102000.0,S1,2034,408000.0,S1_D3_2035,2,0
2035,LNG_S2_2034,3,Use,BioLNG,D3,103957.00000003328,S2,2034,311871.0000000998,S2_D3_2035,2,0
2035,LNG_S3_2034,22,Use,LNG,D1,73000.0,S3,2034,1606000.0,S3_D1_2035,2,0
2035,LNG_S3_2034,4,Use,BioLNG,D3,66334.50000002499,S3,2034,265338.00000009994,S3_D3_2035,2,0
2035,LNG_S3_2034,3,Use,BioLNG,D4,73000.0,S3,2034,219000.0,S3_D4_2035,2,0
2035,LNG_S4_2034,3,Use,BioLNG,D2,118000.0,S4,2034,354000.0,S4_D2_2035,2,0
2035,Diesel_S4_2034,1,Use,HVO,D1,21667.0000001,S4,2034,21667.0000001,S4_D1_2035,2,0
2035,Diesel_S4_2034,1,Use,HVO,D3,29591.000000099997,S4,2034,29591.000000099997,S4_D3_2035,2,0
2035,LNG_S1_2035,3,Use,BioLNG,D2,102000.0,S1,2035,306000.0,S1_D2_2035,1,0
2035,LNG_S1_2035,1,Use,BioLNG,D4,102000.0,S1,2035,102000.0,S1_D4_2035,1,0
2035,LNG_S2_2035,1,Use,BioLNG,D1,106000.0,S2,2035,106000.0,S2_D1_2035,1,0
2035,LNG_S2_2035,18,Use,BioLNG,D2,103363.83877712664,S2,2035,1860549.0979882795,S2_D2_2035,1,0
2035,LNG_S2_2035,7,Use,BioLNG,D3,106000.0,S2,2035,742000.0,S2_D3_2035,1,0
2035,LNG_S3_2035,6,Use,LNG,D1,73000.0,S3,2035,438000.0,S3_D1_2035,1,0
2035,LNG_S3_2035,1,Use,LNG,D2,73000.0,S3,2035,73000.0,S3_D2_2035,1,0
2035,LNG_S3_2035,9,Use,LNG,D3,73000.0,S3,2035,657000.0,S3_D3_2035,1,0
2035,LNG_S3_2035,6,Use,BioLNG,D3,73000.0,S3,2035,438000.0,S3_D3_2035,1,0
2035,LNG_S4_2035,4,Use,BioLNG,D2,118000.0,S4,2035,472000.0,S4_D2_2035,1,0
2035,LNG_S4_2035,1,Use,BioLNG,D3,118000.0,S4,2035,118000.0,S4_D3_2035,1,0
2036,LNG_S1_2028,1,Use,BioLNG,D1,21703.000000099884,S1,2028,21703.000000099884,S1_D1_2036,9,0
2036,LNG_S1_2028,2,Use,BioLNG,D2,74697.00000005006,S1,2028,149394.00000010012,S1_D2_2036,9,0
2036,LNG_S1_2028,6,Use,BioLNG,D4,100426.33333334999,S1,2028,602558.0000000999,S1_D4_2036,9,0
2036,LNG_S1_2029,8,Use,BioLNG,D2,102000.0,S1,2029,816000.0,S1_D2_2036,8,0
2036,LNG_S1_2029,2,Use,BioLNG,D3,102000.0,S1,2029,204000.0,S1_D3_2036,8,0
2036,LNG_S1_2030,10,Use,BioLNG,D1,102000.0,S1,2030,1020000.0,S1_D1_2036,7,0
2036,LNG_S1_2030,9,Use,BioLNG,D3,102000.0,S1,2030,918000.0,S1_D3_2036,7,0
2036,LNG_S2_2030,1,Use,LNG,D1,10730.00000009988,S2,2030,10730.00000009988,S2_D1_2036,7,0
2036,LNG_S1_2031,1,Use,BioLNG,D2,102000.0,S1,2031,102000.0,S1_D2_2036,6,0
2036,Diesel_S4_2031,1,Use,B20,D4,2413.0000000999953,S4,2031,2413.0000000999953,S4_D4_2036,6,0
2036,LNG_S1_2032,1,Use,BioLNG,D3,102000.0,S1,2032,102000.0,S1_D3_2036,5,0
2036,Diesel_S1_2032,1,Use,HVO,D3,9218.00000009965,S1,2032,9218.00000009965,S1_D3_2036,5,0
2036,LNG_S3_2032,2,Use,LNG,D1,73000.0,S3,2032,146000.0,S3_D1_2036,5,0
2036,LNG_S1_2033,9,Use,BioLNG,D2,102000.0,S1,2033,918000.0,S1_D2_2036,4,0
2036,LNG_S1_2033,3,Use,BioLNG,D3,102000.0,S1,2033,306000.0,S1_D3_2036,4,0
2036,LNG_S2_2033,1,Use,BioLNG,D1,106000.0,S2,2033,106000.0,S2_D1_2036,4,0
2036,LNG_S2_2033,2,Use,BioLNG,D2,106000.0,S2,2033,212000.0,S2_D2_2036,4,0
2036,LNG_S3_2033,19,Use,LNG,D2,73000.0,S3,2033,1387000.0,S3_D2_2036,4,0
2036,LNG_S3_2033,1,Use,LNG,D4,61915.0000001,S3,2033,61915.0000001,S3_D4_2036,4,0
2036,LNG_S3_2033,14,Use,BioLNG,D2,73000.0,S3,2033,1022000.0,S3_D2_2036,4,0
2036,LNG_S4_2033,2,Use,BioLNG,D2,118000.0,S4,2033,236000.0,S4_D2_2036,4,0
2036,LNG_S4_2033,1,Use,BioLNG,D3,118000.0,S4,2033,118000.0,S4_D3_2036,4,0
2036,LNG_S1_2034,9,Use,BioLNG,D2,102000.0,S1,2034,918000.0,S1_D2_2036,3,0
2036,LNG_S1_2034,12,Use,BioLNG,D3,102000.0,S1,2034,1224000.0,S1_D3_2036,3,0
2036,LNG_S2_2034,3,Use,BioLNG,D3,85066.00000003331,S2,2034,255198.00000009994,S2_D3_2036,3,0
2036,LNG_S3_2034,7,Use,LNG,D1,73000.0,S3,2034,511000.0,S3_D1_2036,3,0
2036,LNG_S3_2034,12,Use,LNG,D3,72193.916666675,S3,2034,866327.0000000999,S3_D3_2036,3,0
2036,LNG_S3_2034,3,Use,LNG,D4,73000.0,S3,2034,219000.0,S3_D4_2036,3,0
2036,LNG_S3_2034,7,Use,BioLNG,D2,73000.0,S3,2034,511000.0,S3_D2_2036,3,0
2036,LNG_S4_2034,3,Use,BioLNG,D2,102746.33333336664,S4,2034,308239.0000000999,S4_D2_2036,3,0
2036,Diesel_S4_2034,1,Use,HVO,D1,22741.000000099997,S4,2034,22741.000000099997,S4_D1_2036,3,0
2036,Diesel_S4_2034,1,Use,HVO,D3,33091.0000001,S4,2034,33091.0000001,S4_D3_2036,3,0
2036,LNG_S1_2035,3,Use,BioLNG,D2,102000.0,S1,2035,306000.0,S1_D2_2036,2,0
2036,LNG_S1_2035,1,Use,BioLNG,D3,102000.0,S1,2035,102000.0,S1_D3_2036,2,0
2036,LNG_S2_2035,9,Use,BioLNG,D1,106000.0,S2,2035,954000.0,S2_D1_2036,2,0
2036,LNG_S2_2035,17,Use,BioLNG,D2,104135.41176471177,S2,2035,1770302.0000001001,S2_D2_2036,2,0
2036,LNG_S3_2035,13,Use,LNG,D1,73000.0,S3,2035,949000.0,S3_D1_2036,2,0
2036,LNG_S3_2035,3,Use,LNG,D3,73000.0,S3,2035,219000.0,S3_D3_2036,2,0
2036,LNG_S3_2035,6,Use,BioLNG,D1,73000.0,S3,2035,438000.0,S3_D1_2036,2,0
2036,LNG_S4_2035,5,Use,BioLNG,D2,118000.0,S4,2035,590000.0,S4_D2_2036,2,0
2036,LNG_S1_2036,1,Use,BioLNG,D1,102000.0,S1,2036,102000.0,S1_D1_2036,1,0
2036,LNG_S1_2036,6,Use,BioLNG,D2,102000.0,S1,2036,612000.0,S1_D2_2036,1,0
2036,LNG_S1_2036,17,Use,BioLNG,D3,102000.0,S1,2036,1734000.0,S1_D3_2036,1,0
2036,LNG_S2_2036,3,Use,BioLNG,D1,106000.0,S2,2036,318000.0,S2_D1_2036,1,0
2036,LNG_S2_2036,8,Use,BioLNG,D3,106000.0,S2,2036,848000.0,S2_D3_2036,1,0
2036,LNG_S2_2036,2,Use,BioLNG,D4,90070.50000004999,S2,2036,180141.00000009997,S2_D4_2036,1,0
2036,LNG_S3_2036,6,Use,LNG,D1,71502.20261426552,S3,2036,429013.21568559314,S3_D1_2036,1,0
2036,LNG_S3_2036,7,Use,BioLNG,D1,72905.54061635815,S3,2036,510338.78431450704,S3_D1_2036,1,0
2036,LNG_S3_2036,5,Use,BioLNG,D2,69974.60000002001,S3,2036,349873.00000010006,S3_D2_2036,1,0
2036,LNG_S3_2036,4,Use,BioLNG,D3,73000.0,S3,2036,292000.0,S3_D3_2036,1,0
2037,LNG_S1_2029,10,Use,BioLNG,D3,102000.0,S1,2029,1020000.0,S1_D3_2037,9,0
2037,LNG_S1_2030,6,Use,BioLNG,D1,97377.66666668332,S1,2030,584266.0000000999,S1_D1_2037,8,0
2037,LNG_S1_2030,1,Use,BioLNG,D2,102000.0,S1,2030,102000.0,S1_D2_2037,8,0
2037,LNG_S1_2030,12,Use,BioLNG,D3,99663.91666667498,S1,2030,1195967.0000000997,S1_D3_2037,8,0
2037,LNG_S2_2030,1,Use,LNG,D1,53222.95656050296,S2,2030,53222.95656050296,S2_D1_2037,8,0
2037,LNG_S1_2031,1,Use,BioLNG,D4,18093.000000099993,S1,2031,18093.000000099993,S1_D4_2037,7,0
2037,LNG_S1_2033,11,Use,BioLNG,D2,102000.0,S1,2033,1122000.0,S1_D2_2037,5,0
2037,LNG_S1_2033,1,Use,BioLNG,D4,102000.0,S1,2033,102000.0,S1_D4_2037,5,0
2037,LNG_S1_2034,5,Use,BioLNG,D1,102000.0,S1,2034,510000.0,S1_D1_2037,4,0
2037,LNG_S1_2034,11,Use,BioLNG,D2,102000.0,S1,2034,1122000.0,S1_D2_2037,4,0
2037,LNG_S1_2034,5,Use,BioLNG,D4,102000.0,S1,2034,510000.0,S1_D4_2037,4,0
2037,LNG_S2_2034,1,Use,BioLNG,D1,106000.0,S2,2034,106000.0,S2_D1_2037,4,0
2037,LNG_S2_2034,2,Use,BioLNG,D2,106000.0,S2,2034,212000.0,S2_D2_2037,4,0
2037,LNG_S3_2034,12,Use,LNG,D1,73000.0,S3,2034,876000.0,S3_D1_2037,4,0
2037,LNG_S3_2034,8,Use,LNG,D2,73000.0,S3,2034,584000.0,S3_D2_2037,4,0
2037,LNG_S3_2034,2,Use,LNG,D3,73000.0,S3,2034,146000.0,S3_D3_2037,4,0
2037,LNG_S3_2034,7,Use,BioLNG,D3,73000.0,S3,2034,511000.0,S3_D3_2037,4,0
2037,LNG_S4_2034,3,Use,BioLNG,D2,106840.33333336665,S4,2034,320521.00000009994,S4_D2_2037,4,0
2037,Diesel_S4_2034,1,Use,HVO,D1,23255.000000099997,S4,2034,23255.000000099997,S4_D1_2037,4,0
2037,Diesel_S4_2034,1,Use,HVO,D4,2415.000000099999,S4,2034,2415.000000099999,S4_D4_2037,4,0
2037,LNG_S1_2035,1,Use,BioLNG,D1,102000.0,S1,2035,102000.0,S1_D1_2037,3,0
2037,LNG_S1_2035,3,Use,BioLNG,D2,93684.33333336671,S1,2035,281053.0000001001,S1_D2_2037,3,0
2037,LNG_S2_2035,8,Use,BioLNG,D1,102351.13042994961,S2,2035,818809.0434395969,S2_D1_2037,3,0
2037,LNG_S2_2035,17,Use,BioLNG,D2,103594.47058824117,S2,2035,1761106.0000001,S2_D2_2037,3,0
2037,LNG_S2_2035,1,Use,BioLNG,D4,80734.0000001,S2,2035,80734.0000001,S2_D4_2037,3,0
2037,LNG_S3_2035,6,Use,LNG,D1,73000.0,S3,2035,438000.0,S3_D1_2037,3,0
2037,LNG_S3_2035,10,Use,LNG,D2,73000.0,S3,2035,730000.0,S3_D2_2037,3,0
2037,LNG_S3_2035,4,Use,BioLNG,D2,70498.00000002503,S3,2035,281992.0000001001,S3_D2_2037,3,0
2037,LNG_S3_2035,1,Use,BioLNG,D3,70989.00000009988,S3,2035,70989.00000009988,S3_D3_2037,3,0
2037,LNG_S3_2035,1,Use,BioLNG,D4,73000.0,S3,2035,73000.0,S3_D4_2037,3,0
2037,LNG_S4_2035,5,Use,BioLNG,D2,118000.0,S4,2035,590000.0,S4_D2_2037,3,0
2037,LNG_S1_2036,13,Use,BioLNG,D2,102000.0,S1,2036,1326000.0,S1_D2_2037,2,0
2037,LNG_S1_2036,11,Use,BioLNG,D3,102000.0,S1,2036,1122000.0,S1_D3_2037,2,0
2037,LNG_S2_2036,4,Use,BioLNG,D1,106000.0,S2,2036,424000.0,S2_D1_2037,2,0
2037,LNG_S2_2036,1,Use,BioLNG,D2,106000.0,S2,2036,106000.0,S2_D2_2037,2,0
2037,LNG_S2_2036,7,Use,BioLNG,D3,101119.00000001426,S2,2036,707833.0000000999,S2_D3_2037,2,0
2037,LNG_S2_2036,1,Use,BioLNG,D4,106000.0,S2,2036,106000.0,S2_D4_2037,2,0
2037,LNG_S3_2036,3,Use,LNG,D2,73000.0,S3,2036,219000.0,S3_D2_2037,2,0
2037,LNG_S3_2036,3,Use,LNG,D4,73000.0,S3,2036,219000.0,S3_D4_2037,2,0
2037,LNG_S3_2036,16,Use,BioLNG,D1,73000.0,S3,2036,1168000.0,S3_D1_2037,2,0
2037,LNG_S1_2037,13,Use,BioLNG,D3,102000.0,S1,2037,1326000.0,S1_D3_2037,1,0
2037,LNG_S2_2037,4,Use,BioLNG,D3,106000.0,S2,2037,424000.0,S2_D3_2037,1,0
2037,LNG_S3_2037,7,Use,LNG,D3,73000.0,S3,2037,511000.0,S3_D3_2037,1,0
2037,LNG_S3_2037,9,Use,BioLNG,D1,71869.00000001113,S3,2037,646821.0000001002,S3_D1_2037,1,0
2037,LNG_S3_2037,20,Use,BioLNG,D2,73000.0,S3,2037,1460000.0,S3_D2_2037,1,0
2037,LNG_S3_2037,2,Use,BioLNG,D3,73000.0,S3,2037,146000.0,S3_D3_2037,1,0
2037,Diesel_S3_2037,1,Use,B20,D4,857.0000000999984,S3,2037,857.0000000999984,S3_D4_2037,1,0
2037,LNG_S4_2037,2,Use,BioLNG,D2,118000.0,S4,2037,236000.0,S4_D2_2037,1,0
2037,LNG_S4_2037,1,Use,BioLNG,D3,118000.0,S4,2037,118000.0,S4_D3_2037,1,0
2037,Diesel_S4_2037,1,Use,HVO,D3,38519.00000009999,S4,2037,38519.00000009999,S4_D3_2037,1,0
2038,LNG_S1_2030,5,Use,BioLNG,D1,87671.80000001998,S1,2030,438359.0000000999,S1_D1_2038,9,0
2038,LNG_S1_2030,5,Use,BioLNG,D2,102000.0,S1,2030,510000.0,S1_D2_2038,9,0
2038,LNG_S1_2030,9,Use,BioLNG,D3,102000.0,S1,2030,918000.0,S1_D3_2038,9,0
2038,LNG_S2_2030,1,Use,LNG,D4,89199.49965250291,S2,2030,89199.49965250291,S2_D4_2038,9,0
2038,LNG_S1_2031,1,Use,BioLNG,D3,102000.0,S1,2031,102000.0,S1_D3_2038,8,0
2038,LNG_S1_2033,6,Use,BioLNG,D3,102000.0,S1,2033,612000.0,S1_D3_2038,6,0
2038,LNG_S1_2033,3,Use,BioLNG,D4,78072.33333336667,S1,2033,234217.0000001,S1_D4_2038,6,0
2038,LNG_S1_2034,2,Use,BioLNG,D1,102000.0,S1,2034,204000.0,S1_D1_2038,5,0
2038,LNG_S1_2034,8,Use,BioLNG,D2,102000.0,S1,2034,816000.0,S1_D2_2038,5,0
2038,LNG_S1_2034,10,Use,BioLNG,D3,102000.0,S1,2034,1020000.0,S1_D3_2038,5,0
2038,LNG_S1_2034,1,Use,BioLNG,D4,102000.0,S1,2034,102000.0,S1_D4_2038,5,0
2038,LNG_S1_2035,2,Use,BioLNG,D1,102000.0,S1,2035,204000.0,S1_D1_2038,4,0
2038,LNG_S1_2035,2,Use,BioLNG,D4,102000.0,S1,2035,204000.0,S1_D4_2038,4,0
2038,LNG_S2_2035,9,Use,BioLNG,D1,106000.0,S2,2035,954000.0,S2_D1_2038,4,0
2038,LNG_S2_2035,5,Use,BioLNG,D2,106000.0,S2,2035,530000.0,S2_D2_2038,4,0
2038,LNG_S2_2035,11,Use,BioLNG,D3,106000.0,S2,2035,1166000.0,S2_D3_2038,4,0
2038,LNG_S2_2035,1,Use,BioLNG,D4,101690.50034759707,S2,2035,101690.50034759707,S2_D4_2038,4,0
2038,LNG_S3_2035,8,Use,LNG,D1,73000.0,S3,2035,584000.0,S3_D1_2038,4,0
2038,LNG_S3_2035,7,Use,LNG,D2,73000.0,S3,2035,511000.0,S3_D2_2038,4,0
2038,LNG_S3_2035,1,Use,LNG,D3,73000.0,S3,2035,73000.0,S3_D3_2038,4,0
2038,LNG_S3_2035,6,Use,BioLNG,D1,73000.0,S3,2035,438000.0,S3_D1_2038,4,0
2038,LNG_S1_2036,1,Use,BioLNG,D1,102000.0,S1,2036,102000.0,S1_D1_2038,3,0
2038,LNG_S1_2036,19,Use,BioLNG,D2,102000.0,S1,2036,1938000.0,S1_D2_2038,3,0
2038,LNG_S1_2036,3,Use,BioLNG,D3,102000.0,S1,2036,306000.0,S1_D3_2038,3,0
2038,LNG_S1_2036,1,Use,BioLNG,D4,102000.0,S1,2036,102000.0,S1_D4_2038,3,0
2038,LNG_S2_2036,2,Use,BioLNG,D1,106000.0,S2,2036,212000.0,S2_D1_2038,3,0
2038,LNG_S2_2036,11,Use,BioLNG,D2,106000.0,S2,2036,1166000.0,S2_D2_2038,3,0
2038,LNG_S3_2036,6,Use,LNG,D1,73000.0,S3,2036,438000.0,S3_D1_2038,3,0
2038,LNG_S3_2036,16,Use,BioLNG,D1,73000.0,S3,2036,1168000.0,S3_D1_2038,3,0
2038,LNG_S1_2037,7,Use,BioLNG,D2,102000.0,S1,2037,714000.0,S1_D2_2038,2,0
2038,LNG_S1_2037,6,Use,BioLNG,D3,102000.0,S1,2037,612000.0,S1_D3_2038,2,0
2038,LNG_S2_2037,2,Use,BioLNG,D1,106000.0,S2,2037,212000.0,S2_D1_2038,2,0
2038,LNG_S2_2037,2,Use,BioLNG,D2,106000.0,S2,2037,212000.0,S2_D2_2038,2,0
2038,LNG_S3_2037,3,Use,LNG,D1,73000.0,S3,2037,219000.0,S3_D1_2038,2,0
2038,LNG_S3_2037,4,Use,LNG,D4,73000.0,S3,2037,292000.0,S3_D4_2038,2,0
2038,LNG_S3_2037,12,Use,BioLNG,D2,73000.0,S3,2037,876000.0,S3_D2_2038,2,0
2038,LNG_S3_2037,19,Use,BioLNG,D3,72397.42105263683,S3,2037,1375551.0000000997,S3_D3_2038,2,0
2038,Diesel_S3_2037,1,Use,B20,D2,12619.000000100117,S3,2037,12619.000000100117,S3_D2_2038,2,0
2038,LNG_S4_2037,3,Use,BioLNG,D2,118000.0,S4,2037,354000.0,S4_D2_2038,2,0
2038,Diesel_S4_2037,1,Use,HVO,D3,43387.00000009999,S4,2037,43387.00000009999,S4_D3_2038,2,0
2038,LNG_S1_2038,3,Use,BioLNG,D1,102000.0,S1,2038,306000.0,S1_D1_2038,1,0
2038,LNG_S1_2038,13,Use,BioLNG,D3,98297.84615385382,S1,2038,1277872.0000000997,S1_D3_2038,1,0
2038,Diesel_S1_2038,1,Use,HVO,D2,16170.000000100115,S1,2038,16170.000000100115,S1_D2_2038,1,0
2038,LNG_S2_2038,2,Use,BioLNG,D2,106000.0,S2,2038,212000.0,S2_D2_2038,1,0
2038,Diesel_S2_2038,1,Use,HVO,D1,32694.000000099877,S2,2038,32694.000000099877,S2_D1_2038,1,0
2038,Diesel_S2_2038,1,Use,HVO,D2,31805.00000010011,S2,2038,31805.00000010011,S2_D2_2038,1,0
2038,Diesel_S2_2038,1,Use,HVO,D3,21939.00000009988,S2,2038,21939.00000009988,S2_D3_2038,1,0
2038,LNG_S3_2038,5,Use,LNG,D1,73000.0,S3,2038,365000.0,S3_D1_2038,1,0
2038,LNG_S3_2038,3,Use,LNG,D2,73000.0,S3,2038,219000.0,S3_D2_2038,1,0
2038,LNG_S3_2038,23,Use,BioLNG,D2,73000.0,S3,2038,1679000.0,S3_D2_2038,1,0
2038,Diesel_S3_2038,1,Use,HVO,D1,17279.000000100114,S3,2038,17279.000000100114,S3_D1_2038,1,0
2038,Diesel_S3_2038,1,Use,HVO,D4,14911.000000099999,S3,2038,14911.000000099999,S3_D4_2038,1,0
2038,LNG_S4_2038,7,Use,BioLNG,D2,113508.00000001428,S4,2038,794556.0000000999,S4_D2_2038,1,0
2038,LNG_S4_2038,1,Use,BioLNG,D3,118000.0,S4,2038,118000.0,S4_D3_2038,1,0
2038,Diesel_S4_2038,1,Use,HVO,D1,23438.000000099993,S4,2038,23438.000000099993,S4_D1_2038,1,0
2038,Diesel_S4_2038,1,Use,HVO,D4,2447.0000000999908,S4,2038,2447.0000000999908,S4_D4_2038,1,0
